Country,EMPSTAT,Employment status,FREQUENCY,Frequency,TIME,Time,Unit Code,Unit,PowerCode Code,PowerCode,Reference Period Code,Reference Period,Value,Flag Codes,Flags
Australia,TE,Total employment,A,Annual,2010,2010,HOUR,Hours,0,Units,,,1778,,
Australia,TE,Total employment,A,Annual,2011,2011,HOUR,Hours,0,Units,,,1774,,
Australia,TE,Total employment,A,Annual,2012,2012,HOUR,Hours,0,Units,,,1771,,
Australia,TE,Total employment,A,Annual,2013,2013,HOUR,Hours,0,Units,,,1766,,
Australia,TE,Total employment,A,Annual,2014,2014,HOUR,Hours,0,Units,,,1755,,
Australia,TE,Total employment,A,Annual,2015,2015,HOUR,Hours,0,Units,,,1751,,
Australia,TE,Total employment,A,Annual,2016,2016,HOUR,Hours,0,Units,,,1739,,
Australia,TE,Total employment,A,Annual,2017,2017,HOUR,Hours,0,Units,,,1738.82731,,
Australia,TE,Total employment,A,Annual,2018,2018,HOUR,Hours,0,Units,,,1733.139979,,
Australia,TE,Total employment,A,Annual,2019,2019,HOUR,Hours,0,Units,,,1722.925469,,
Australia,TE,Total employment,A,Annual,2020,2020,HOUR,Hours,0,Units,,,1683.851538,,
Australia,TE,Total employment,A,Annual,2021,2021,HOUR,Hours,0,Units,,,1694.799343,,
Australia,TE,Total employment,A,Annual,2022,2022,HOUR,Hours,0,Units,,,1707.325609,,
Austria,DE,Dependent employment,A,Annual,2010,2010,HOUR,Hours,0,Units,,,1467.847205,,
Austria,DE,Dependent employment,A,Annual,2011,2011,HOUR,Hours,0,Units,,,1468.065419,,
Austria,DE,Dependent employment,A,Annual,2012,2012,HOUR,Hours,0,Units,,,1453.455554,,
Austria,DE,Dependent employment,A,Annual,2013,2013,HOUR,Hours,0,Units,,,1443.250705,,
Austria,DE,Dependent employment,A,Annual,2014,2014,HOUR,Hours,0,Units,,,1438.257445,,
Austria,DE,Dependent employment,A,Annual,2015,2015,HOUR,Hours,0,Units,,,1419.587333,,
Austria,DE,Dependent employment,A,Annual,2016,2016,HOUR,Hours,0,Units,,,1431.370007,,
Austria,DE,Dependent employment,A,Annual,2017,2017,HOUR,Hours,0,Units,,,1420.624161,,
Austria,DE,Dependent employment,A,Annual,2018,2018,HOUR,Hours,0,Units,,,1420.574437,,
Austria,DE,Dependent employment,A,Annual,2019,2019,HOUR,Hours,0,Units,,,1429.813483,,
Austria,DE,Dependent employment,A,Annual,2020,2020,HOUR,Hours,0,Units,,,1322.306745,,
Austria,DE,Dependent employment,A,Annual,2021,2021,HOUR,Hours,0,Units,,,1369.14029,,
Austria,DE,Dependent employment,A,Annual,2022,2022,HOUR,Hours,0,Units,,,1369.45034,,
Austria,TE,Total employment,A,Annual,2010,2010,HOUR,Hours,0,Units,,,1551.537719,,
Austria,TE,Total employment,A,Annual,2011,2011,HOUR,Hours,0,Units,,,1556.980646,,
Austria,TE,Total employment,A,Annual,2012,2012,HOUR,Hours,0,Units,,,1534.781225,,
Austria,TE,Total employment,A,Annual,2013,2013,HOUR,Hours,0,Units,,,1520.079119,,
Austria,TE,Total employment,A,Annual,2014,2014,HOUR,Hours,0,Units,,,1510.297871,,
Austria,TE,Total employment,A,Annual,2015,2015,HOUR,Hours,0,Units,,,1495.130107,,
Austria,TE,Total employment,A,Annual,2016,2016,HOUR,Hours,0,Units,,,1507.173096,,
Austria,TE,Total employment,A,Annual,2017,2017,HOUR,Hours,0,Units,,,1497.904325,,
Austria,TE,Total employment,A,Annual,2018,2018,HOUR,Hours,0,Units,,,1501.7403,,
Austria,TE,Total employment,A,Annual,2019,2019,HOUR,Hours,0,Units,,,1509.59166,,
Austria,TE,Total employment,A,Annual,2020,2020,HOUR,Hours,0,Units,,,1400.786923,,
Austria,TE,Total employment,A,Annual,2021,2021,HOUR,Hours,0,Units,,,1439.09392,,
Austria,TE,Total employment,A,Annual,2022,2022,HOUR,Hours,0,Units,,,1443.720369,,
Belgium,DE,Dependent employment,A,Annual,2010,2010,HOUR,Hours,0,Units,,,1432,,
Belgium,DE,Dependent employment,A,Annual,2011,2011,HOUR,Hours,0,Units,,,1443,,
Belgium,DE,Dependent employment,A,Annual,2012,2012,HOUR,Hours,0,Units,,,1440,,
Belgium,DE,Dependent employment,A,Annual,2013,2013,HOUR,Hours,0,Units,,,1436,,
Belgium,DE,Dependent employment,A,Annual,2014,2014,HOUR,Hours,0,Units,,,1434,,
Belgium,DE,Dependent employment,A,Annual,2015,2015,HOUR,Hours,0,Units,,,1431,,
Belgium,DE,Dependent employment,A,Annual,2016,2016,HOUR,Hours,0,Units,,,1435,,
Belgium,DE,Dependent employment,A,Annual,2017,2017,HOUR,Hours,0,Units,,,1441,,
Belgium,DE,Dependent employment,A,Annual,2018,2018,HOUR,Hours,0,Units,,,1445,,
Belgium,DE,Dependent employment,A,Annual,2019,2019,HOUR,Hours,0,Units,,,1443,,
Belgium,DE,Dependent employment,A,Annual,2020,2020,HOUR,Hours,0,Units,,,1353,,
Belgium,DE,Dependent employment,A,Annual,2021,2021,HOUR,Hours,0,Units,,,1403,,
Belgium,DE,Dependent employment,A,Annual,2022,2022,HOUR,Hours,0,Units,,,1427,,
Belgium,TE,Total employment,A,Annual,2010,2010,HOUR,Hours,0,Units,,,1573.830711,,
Belgium,TE,Total employment,A,Annual,2011,2011,HOUR,Hours,0,Units,,,1590.234351,,
Belgium,TE,Total employment,A,Annual,2012,2012,HOUR,Hours,0,Units,,,1587.295075,,
Belgium,TE,Total employment,A,Annual,2013,2013,HOUR,Hours,0,Units,,,1585.595087,,
Belgium,TE,Total employment,A,Annual,2014,2014,HOUR,Hours,0,Units,,,1581.595989,,
Belgium,TE,Total employment,A,Annual,2015,2015,HOUR,Hours,0,Units,,,1575.456869,,
Belgium,TE,Total employment,A,Annual,2016,2016,HOUR,Hours,0,Units,,,1574.113193,,
Belgium,TE,Total employment,A,Annual,2017,2017,HOUR,Hours,0,Units,,,1578.013689,,
Belgium,TE,Total employment,A,Annual,2018,2018,HOUR,Hours,0,Units,,,1579.842677,,
Belgium,TE,Total employment,A,Annual,2019,2019,HOUR,Hours,0,Units,,,1577.095522,,
Belgium,TE,Total employment,A,Annual,2020,2020,HOUR,Hours,0,Units,,,1445.924096,,
Belgium,TE,Total employment,A,Annual,2021,2021,HOUR,Hours,0,Units,,,1525.815277,,
Canada,DE,Dependent employment,A,Annual,2010,2010,HOUR,Hours,0,Units,,,1717.520604,,
Canada,DE,Dependent employment,A,Annual,2011,2011,HOUR,Hours,0,Units,,,1715.720615,,
Canada,DE,Dependent employment,A,Annual,2012,2012,HOUR,Hours,0,Units,,,1725.379337,,
Canada,DE,Dependent employment,A,Annual,2013,2013,HOUR,Hours,0,Units,,,1718.376409,,
Canada,DE,Dependent employment,A,Annual,2014,2014,HOUR,Hours,0,Units,,,1716.493578,,
Canada,DE,Dependent employment,A,Annual,2015,2015,HOUR,Hours,0,Units,,,1716.375063,,
Canada,DE,Dependent employment,A,Annual,2016,2016,HOUR,Hours,0,Units,,,1709.749075,,
Canada,DE,Dependent employment,A,Annual,2017,2017,HOUR,Hours,0,Units,,,1698.904606,,
Canada,DE,Dependent employment,A,Annual,2018,2018,HOUR,Hours,0,Units,,,1714.645832,,
Canada,DE,Dependent employment,A,Annual,2019,2019,HOUR,Hours,0,Units,,,1703.175555,,
Canada,DE,Dependent employment,A,Annual,2020,2020,HOUR,Hours,0,Units,,,1676.158333,,
Canada,DE,Dependent employment,A,Annual,2021,2021,HOUR,Hours,0,Units,,,1705.940764,,
Canada,DE,Dependent employment,A,Annual,2022,2022,HOUR,Hours,0,Units,,,1702.247713,,
Canada,TE,Total employment,A,Annual,2010,2010,HOUR,Hours,0,Units,,,1715,,
Canada,TE,Total employment,A,Annual,2011,2011,HOUR,Hours,0,Units,,,1711,,
Canada,TE,Total employment,A,Annual,2012,2012,HOUR,Hours,0,Units,,,1721,,
Canada,TE,Total employment,A,Annual,2013,2013,HOUR,Hours,0,Units,,,1714,,
Canada,TE,Total employment,A,Annual,2014,2014,HOUR,Hours,0,Units,,,1709,,
Canada,TE,Total employment,A,Annual,2015,2015,HOUR,Hours,0,Units,,,1710,,
Canada,TE,Total employment,A,Annual,2016,2016,HOUR,Hours,0,Units,,,1701,,
Canada,TE,Total employment,A,Annual,2017,2017,HOUR,Hours,0,Units,,,1689,,
Canada,TE,Total employment,A,Annual,2018,2018,HOUR,Hours,0,Units,,,1702,,
Canada,TE,Total employment,A,Annual,2019,2019,HOUR,Hours,0,Units,,,1691,,
Canada,TE,Total employment,A,Annual,2020,2020,HOUR,Hours,0,Units,,,1653,,
Canada,TE,Total employment,A,Annual,2021,2021,HOUR,Hours,0,Units,,,1685,,
Canada,TE,Total employment,A,Annual,2022,2022,HOUR,Hours,0,Units,,,1686,,
Czechia,DE,Dependent employment,A,Annual,2010,2010,HOUR,Hours,0,Units,,,1731.392138,,
Czechia,DE,Dependent employment,A,Annual,2011,2011,HOUR,Hours,0,Units,,,1740.039015,,
Czechia,DE,Dependent employment,A,Annual,2012,2012,HOUR,Hours,0,Units,,,1728.540973,,
Czechia,DE,Dependent employment,A,Annual,2013,2013,HOUR,Hours,0,Units,,,1725.440645,,
Czechia,DE,Dependent employment,A,Annual,2014,2014,HOUR,Hours,0,Units,,,1733.037109,,
Czechia,DE,Dependent employment,A,Annual,2015,2015,HOUR,Hours,0,Units,,,1709.209636,,
Czechia,DE,Dependent employment,A,Annual,2016,2016,HOUR,Hours,0,Units,,,1733.596786,,
Czechia,DE,Dependent employment,A,Annual,2017,2017,HOUR,Hours,0,Units,,,1730.989938,,
Czechia,DE,Dependent employment,A,Annual,2018,2018,HOUR,Hours,0,Units,,,1738.433313,,
Czechia,DE,Dependent employment,A,Annual,2019,2019,HOUR,Hours,0,Units,,,1747.264913,,
Czechia,DE,Dependent employment,A,Annual,2020,2020,HOUR,Hours,0,Units,,,1644.012818,,
Czechia,DE,Dependent employment,A,Annual,2021,2021,HOUR,Hours,0,Units,,,1688.401645,,
Czechia,DE,Dependent employment,A,Annual,2022,2022,HOUR,Hours,0,Units,,,1716.624298,,
Czechia,TE,Total employment,A,Annual,2010,2010,HOUR,Hours,0,Units,,,1799.099746,,
Czechia,TE,Total employment,A,Annual,2011,2011,HOUR,Hours,0,Units,,,1805.47337,,
Czechia,TE,Total employment,A,Annual,2012,2012,HOUR,Hours,0,Units,,,1776.448316,,
Czechia,TE,Total employment,A,Annual,2013,2013,HOUR,Hours,0,Units,,,1764.302008,,
Czechia,TE,Total employment,A,Annual,2014,2014,HOUR,Hours,0,Units,,,1773.81181,,
Czechia,TE,Total employment,A,Annual,2015,2015,HOUR,Hours,0,Units,,,1751.474214,,
Czechia,TE,Total employment,A,Annual,2016,2016,HOUR,Hours,0,Units,,,1774.046355,,
Czechia,TE,Total employment,A,Annual,2017,2017,HOUR,Hours,0,Units,,,1776.447703,,
Czechia,TE,Total employment,A,Annual,2018,2018,HOUR,Hours,0,Units,,,1784.666363,,
Czechia,TE,Total employment,A,Annual,2019,2019,HOUR,Hours,0,Units,,,1786.033445,,
Czechia,TE,Total employment,A,Annual,2020,2020,HOUR,Hours,0,Units,,,1676.853401,,
Czechia,TE,Total employment,A,Annual,2021,2021,HOUR,Hours,0,Units,,,1722.123952,,
Czechia,TE,Total employment,A,Annual,2022,2022,HOUR,Hours,0,Units,,,1754.05033,,
Denmark,DE,Dependent employment,A,Annual,2010,2010,HOUR,Hours,0,Units,,,1398.979336,,
Denmark,DE,Dependent employment,A,Annual,2011,2011,HOUR,Hours,0,Units,,,1412.800686,,
Denmark,DE,Dependent employment,A,Annual,2012,2012,HOUR,Hours,0,Units,,,1400.972378,,
Denmark,DE,Dependent employment,A,Annual,2013,2013,HOUR,Hours,0,Units,,,1402.706,,
Denmark,DE,Dependent employment,A,Annual,2014,2014,HOUR,Hours,0,Units,,,1391.125699,,
Denmark,DE,Dependent employment,A,Annual,2015,2015,HOUR,Hours,0,Units,,,1379.93548,,
Denmark,DE,Dependent employment,A,Annual,2016,2016,HOUR,Hours,0,Units,,,1389.804357,,
Denmark,DE,Dependent employment,A,Annual,2017,2017,HOUR,Hours,0,Units,,,1383.854546,,
Denmark,DE,Dependent employment,A,Annual,2018,2018,HOUR,Hours,0,Units,,,1362.703254,,
Denmark,DE,Dependent employment,A,Annual,2019,2019,HOUR,Hours,0,Units,,,1359.616474,,
Denmark,DE,Dependent employment,A,Annual,2020,2020,HOUR,Hours,0,Units,,,1332.073774,,
Denmark,DE,Dependent employment,A,Annual,2021,2021,HOUR,Hours,0,Units,,,1351.326057,,
Denmark,DE,Dependent employment,A,Annual,2022,2022,HOUR,Hours,0,Units,,,1360.153857,,
Denmark,TE,Total employment,A,Annual,2010,2010,HOUR,Hours,0,Units,,,1422.308398,,
Denmark,TE,Total employment,A,Annual,2011,2011,HOUR,Hours,0,Units,,,1436.981183,,
Denmark,TE,Total employment,A,Annual,2012,2012,HOUR,Hours,0,Units,,,1423.346283,,
Denmark,TE,Total employment,A,Annual,2013,2013,HOUR,Hours,0,Units,,,1425.633575,,
Denmark,TE,Total employment,A,Annual,2014,2014,HOUR,Hours,0,Units,,,1413.807215,,
Denmark,TE,Total employment,A,Annual,2015,2015,HOUR,Hours,0,Units,,,1407.149104,,
Denmark,TE,Total employment,A,Annual,2016,2016,HOUR,Hours,0,Units,,,1412.044769,,
Denmark,TE,Total employment,A,Annual,2017,2017,HOUR,Hours,0,Units,,,1404.204328,,
Denmark,TE,Total employment,A,Annual,2018,2018,HOUR,Hours,0,Units,,,1380.858984,,
Denmark,TE,Total employment,A,Annual,2019,2019,HOUR,Hours,0,Units,,,1371.386268,,
Denmark,TE,Total employment,A,Annual,2020,2020,HOUR,Hours,0,Units,,,1344.851329,,
Denmark,TE,Total employment,A,Annual,2021,2021,HOUR,Hours,0,Units,,,1362.879134,,
Denmark,TE,Total employment,A,Annual,2022,2022,HOUR,Hours,0,Units,,,1371.606096,,
Finland,DE,Dependent employment,A,Annual,2010,2010,HOUR,Hours,0,Units,,,1521.396339,,
Finland,DE,Dependent employment,A,Annual,2011,2011,HOUR,Hours,0,Units,,,1521.338772,,
Finland,DE,Dependent employment,A,Annual,2012,2012,HOUR,Hours,0,Units,,,1512.758632,,
Finland,DE,Dependent employment,A,Annual,2013,2013,HOUR,Hours,0,Units,,,1509.041364,,
Finland,DE,Dependent employment,A,Annual,2014,2014,HOUR,Hours,0,Units,,,1506.261646,,
Finland,DE,Dependent employment,A,Annual,2015,2015,HOUR,Hours,0,Units,,,1504.894422,,
Finland,DE,Dependent employment,A,Annual,2016,2016,HOUR,Hours,0,Units,,,1505.156086,,
Finland,DE,Dependent employment,A,Annual,2017,2017,HOUR,Hours,0,Units,,,1502.221272,,
Finland,DE,Dependent employment,A,Annual,2018,2018,HOUR,Hours,0,Units,,,1499.397597,,
Finland,DE,Dependent employment,A,Annual,2019,2019,HOUR,Hours,0,Units,,,1494.28718,,
Finland,DE,Dependent employment,A,Annual,2020,2020,HOUR,Hours,0,Units,,,1488.745667,,
Finland,DE,Dependent employment,A,Annual,2021,2021,HOUR,Hours,0,Units,,,1481.897856,,
Finland,DE,Dependent employment,A,Annual,2022,2022,HOUR,Hours,0,Units,,,1459.239548,,
Finland,TE,Total employment,A,Annual,2010,2010,HOUR,Hours,0,Units,,,1585.263536,,
Finland,TE,Total employment,A,Annual,2011,2011,HOUR,Hours,0,Units,,,1577.897629,,
Finland,TE,Total employment,A,Annual,2012,2012,HOUR,Hours,0,Units,,,1567.668699,,
Finland,TE,Total employment,A,Annual,2013,2013,HOUR,Hours,0,Units,,,1560.351812,,
Finland,TE,Total employment,A,Annual,2014,2014,HOUR,Hours,0,Units,,,1557.797344,,
Finland,TE,Total employment,A,Annual,2015,2015,HOUR,Hours,0,Units,,,1555.480331,,
Finland,TE,Total employment,A,Annual,2016,2016,HOUR,Hours,0,Units,,,1554.670452,,
Finland,TE,Total employment,A,Annual,2017,2017,HOUR,Hours,0,Units,,,1548.879611,,
Finland,TE,Total employment,A,Annual,2018,2018,HOUR,Hours,0,Units,,,1546.373238,,
Finland,TE,Total employment,A,Annual,2019,2019,HOUR,Hours,0,Units,,,1538.371186,,
Finland,TE,Total employment,A,Annual,2020,2020,HOUR,Hours,0,Units,,,1529.948966,,
Finland,TE,Total employment,A,Annual,2021,2021,HOUR,Hours,0,Units,,,1525.041342,,
Finland,TE,Total employment,A,Annual,2022,2022,HOUR,Hours,0,Units,,,1498.068704,,
France,DE,Dependent employment,A,Annual,2010,2010,HOUR,Hours,0,Units,,,1438.635307,,
France,DE,Dependent employment,A,Annual,2011,2011,HOUR,Hours,0,Units,,,1445.293884,,
France,DE,Dependent employment,A,Annual,2012,2012,HOUR,Hours,0,Units,,,1439.772006,,
France,DE,Dependent employment,A,Annual,2013,2013,HOUR,Hours,0,Units,,,1427.373949,,
France,DE,Dependent employment,A,Annual,2014,2014,HOUR,Hours,0,Units,,,1421.861006,,
France,DE,Dependent employment,A,Annual,2015,2015,HOUR,Hours,0,Units,,,1422.216716,,
France,DE,Dependent employment,A,Annual,2016,2016,HOUR,Hours,0,Units,,,1427.599005,,
France,DE,Dependent employment,A,Annual,2017,2017,HOUR,Hours,0,Units,,,1416.454727,,
France,DE,Dependent employment,A,Annual,2018,2018,HOUR,Hours,0,Units,,,1424.021236,,
France,DE,Dependent employment,A,Annual,2019,2019,HOUR,Hours,0,Units,,,1428.333085,,
France,DE,Dependent employment,A,Annual,2020,2020,HOUR,Hours,0,Units,,,1322.740697,,
France,DE,Dependent employment,A,Annual,2021,2021,HOUR,Hours,0,Units,,,1401.376089,,
France,DE,Dependent employment,A,Annual,2022,2022,HOUR,Hours,0,Units,,,1427.448282,,
France,TE,Total employment,A,Annual,2010,2010,HOUR,Hours,0,Units,,,1539.803062,,
France,TE,Total employment,A,Annual,2011,2011,HOUR,Hours,0,Units,,,1546.331189,,
France,TE,Total employment,A,Annual,2012,2012,HOUR,Hours,0,Units,,,1540.880619,,
France,TE,Total employment,A,Annual,2013,2013,HOUR,Hours,0,Units,,,1526.242001,,
France,TE,Total employment,A,Annual,2014,2014,HOUR,Hours,0,Units,,,1518.111034,,
France,TE,Total employment,A,Annual,2015,2015,HOUR,Hours,0,Units,,,1519.484356,,
France,TE,Total employment,A,Annual,2016,2016,HOUR,Hours,0,Units,,,1522.069358,,
France,TE,Total employment,A,Annual,2017,2017,HOUR,Hours,0,Units,,,1507.60482,,
France,TE,Total employment,A,Annual,2018,2018,HOUR,Hours,0,Units,,,1514.410327,,
France,TE,Total employment,A,Annual,2019,2019,HOUR,Hours,0,Units,,,1518.157256,,
France,TE,Total employment,A,Annual,2020,2020,HOUR,Hours,0,Units,,,1402.643508,,
France,TE,Total employment,A,Annual,2021,2021,HOUR,Hours,0,Units,,,1483.792705,,
France,TE,Total employment,A,Annual,2022,2022,HOUR,Hours,0,Units,,,1511.400222,,
Germany,DE,Dependent employment,A,Annual,2010,2010,HOUR,Hours,0,Units,,,1349.9,,
Germany,DE,Dependent employment,A,Annual,2011,2011,HOUR,Hours,0,Units,,,1353.5,,
Germany,DE,Dependent employment,A,Annual,2012,2012,HOUR,Hours,0,Units,,,1336.1,,
Germany,DE,Dependent employment,A,Annual,2013,2013,HOUR,Hours,0,Units,,,1326.7,,
Germany,DE,Dependent employment,A,Annual,2014,2014,HOUR,Hours,0,Units,,,1333.8,,
Germany,DE,Dependent employment,A,Annual,2015,2015,HOUR,Hours,0,Units,,,1336.7,,
Germany,DE,Dependent employment,A,Annual,2016,2016,HOUR,Hours,0,Units,,,1333.9,,
Germany,DE,Dependent employment,A,Annual,2017,2017,HOUR,Hours,0,Units,,,1331.2,,
Germany,DE,Dependent employment,A,Annual,2018,2018,HOUR,Hours,0,Units,,,1325.6,,
Germany,DE,Dependent employment,A,Annual,2019,2019,HOUR,Hours,0,Units,,,1319.6,,
Germany,DE,Dependent employment,A,Annual,2020,2020,HOUR,Hours,0,Units,,,1275.8,,
Germany,DE,Dependent employment,A,Annual,2021,2021,HOUR,Hours,0,Units,,,1295.4,,
Germany,DE,Dependent employment,A,Annual,2022,2022,HOUR,Hours,0,Units,,,1295.2,,
Germany,TE,Total employment,A,Annual,2010,2010,HOUR,Hours,0,Units,,,1425.741595,,
Germany,TE,Total employment,A,Annual,2011,2011,HOUR,Hours,0,Units,,,1426.900828,,
Germany,TE,Total employment,A,Annual,2012,2012,HOUR,Hours,0,Units,,,1407.987767,,
Germany,TE,Total employment,A,Annual,2013,2013,HOUR,Hours,0,Units,,,1396.4668,,
Germany,TE,Total employment,A,Annual,2014,2014,HOUR,Hours,0,Units,,,1400.412888,,
Germany,TE,Total employment,A,Annual,2015,2015,HOUR,Hours,0,Units,,,1400.951765,,
Germany,TE,Total employment,A,Annual,2016,2016,HOUR,Hours,0,Units,,,1395.597352,,
Germany,TE,Total employment,A,Annual,2017,2017,HOUR,Hours,0,Units,,,1389.133443,,
Germany,TE,Total employment,A,Annual,2018,2018,HOUR,Hours,0,Units,,,1380.677328,,
Germany,TE,Total employment,A,Annual,2019,2019,HOUR,Hours,0,Units,,,1372.152528,,
Germany,TE,Total employment,A,Annual,2020,2020,HOUR,Hours,0,Units,,,1319.130691,,
Germany,TE,Total employment,A,Annual,2021,2021,HOUR,Hours,0,Units,,,1340.165629,,
Germany,TE,Total employment,A,Annual,2022,2022,HOUR,Hours,0,Units,,,1340.861971,,
Greece,DE,Dependent employment,A,Annual,2010,2010,HOUR,Hours,0,Units,,,1711.861632,,
Greece,DE,Dependent employment,A,Annual,2011,2011,HOUR,Hours,0,Units,,,1726.192398,,
Greece,DE,Dependent employment,A,Annual,2012,2012,HOUR,Hours,0,Units,,,1737.004334,,
Greece,DE,Dependent employment,A,Annual,2013,2013,HOUR,Hours,0,Units,,,1735.88807,,
Greece,DE,Dependent employment,A,Annual,2014,2014,HOUR,Hours,0,Units,,,1707.268856,,
Greece,DE,Dependent employment,A,Annual,2015,2015,HOUR,Hours,0,Units,,,1706.06074,,
Greece,DE,Dependent employment,A,Annual,2016,2016,HOUR,Hours,0,Units,,,1726.700866,,
Greece,DE,Dependent employment,A,Annual,2017,2017,HOUR,Hours,0,Units,,,1714.919645,,
Greece,DE,Dependent employment,A,Annual,2018,2018,HOUR,Hours,0,Units,,,1734.150698,,
Greece,DE,Dependent employment,A,Annual,2019,2019,HOUR,Hours,0,Units,,,1708.048889,,
Greece,DE,Dependent employment,A,Annual,2020,2020,HOUR,Hours,0,Units,,,1538.991361,,
Greece,DE,Dependent employment,A,Annual,2021,2021,HOUR,Hours,0,Units,,,1649.440556,,
Greece,DE,Dependent employment,A,Annual,2022,2022,HOUR,Hours,0,Units,,,1687.2953,,
Greece,TE,Total employment,A,Annual,2010,2010,HOUR,Hours,0,Units,,,1931.079825,,
Greece,TE,Total employment,A,Annual,2011,2011,HOUR,Hours,0,Units,,,1950.220694,,
Greece,TE,Total employment,A,Annual,2012,2012,HOUR,Hours,0,Units,,,1989.931373,,
Greece,TE,Total employment,A,Annual,2013,2013,HOUR,Hours,0,Units,,,1996.606484,,
Greece,TE,Total employment,A,Annual,2014,2014,HOUR,Hours,0,Units,,,1949.334001,,
Greece,TE,Total employment,A,Annual,2015,2015,HOUR,Hours,0,Units,,,1934.986808,,
Greece,TE,Total employment,A,Annual,2016,2016,HOUR,Hours,0,Units,,,1942.726543,,
Greece,TE,Total employment,A,Annual,2017,2017,HOUR,Hours,0,Units,,,1946.940954,,
Greece,TE,Total employment,A,Annual,2018,2018,HOUR,Hours,0,Units,,,1961.081181,,
Greece,TE,Total employment,A,Annual,2019,2019,HOUR,Hours,0,Units,,,1917.59521,,
Greece,TE,Total employment,A,Annual,2020,2020,HOUR,Hours,0,Units,,,1731.888311,,
Greece,TE,Total employment,A,Annual,2021,2021,HOUR,Hours,0,Units,,,1854.268791,,
Greece,TE,Total employment,A,Annual,2022,2022,HOUR,Hours,0,Units,,,1886.293958,,
Hungary,DE,Dependent employment,A,Annual,2010,2010,HOUR,Hours,0,Units,,,1684.047279,,
Hungary,DE,Dependent employment,A,Annual,2011,2011,HOUR,Hours,0,Units,,,1674.935675,,
Hungary,DE,Dependent employment,A,Annual,2012,2012,HOUR,Hours,0,Units,,,1665.523265,,
Hungary,DE,Dependent employment,A,Annual,2013,2013,HOUR,Hours,0,Units,,,1662.079538,,
Hungary,DE,Dependent employment,A,Annual,2014,2014,HOUR,Hours,0,Units,,,1679.924964,,
Hungary,DE,Dependent employment,A,Annual,2015,2015,HOUR,Hours,0,Units,,,1683.081112,,
Hungary,DE,Dependent employment,A,Annual,2016,2016,HOUR,Hours,0,Units,,,1701.575177,,
Hungary,DE,Dependent employment,A,Annual,2017,2017,HOUR,Hours,0,Units,,,1693.098061,,
Hungary,DE,Dependent employment,A,Annual,2018,2018,HOUR,Hours,0,Units,,,1681.898039,,
Hungary,DE,Dependent employment,A,Annual,2019,2019,HOUR,Hours,0,Units,,,1681.231624,,
Hungary,DE,Dependent employment,A,Annual,2020,2020,HOUR,Hours,0,Units,,,1624.871015,,
Hungary,DE,Dependent employment,A,Annual,2021,2021,HOUR,Hours,0,Units,,,1654.623859,,
Hungary,DE,Dependent employment,A,Annual,2022,2022,HOUR,Hours,0,Units,,,1661.165394,,
Hungary,TE,Total employment,A,Annual,2010,2010,HOUR,Hours,0,Units,,,1766.3,,
Hungary,TE,Total employment,A,Annual,2011,2011,HOUR,Hours,0,Units,,,1753.7,,
Hungary,TE,Total employment,A,Annual,2012,2012,HOUR,Hours,0,Units,,,1738.3,,
Hungary,TE,Total employment,A,Annual,2013,2013,HOUR,Hours,0,Units,,,1733.6,,
Hungary,TE,Total employment,A,Annual,2014,2014,HOUR,Hours,0,Units,,,1748.5,,
Hungary,TE,Total employment,A,Annual,2015,2015,HOUR,Hours,0,Units,,,1745.9,,
Hungary,TE,Total employment,A,Annual,2016,2016,HOUR,Hours,0,Units,,,1760.2,,
Hungary,TE,Total employment,A,Annual,2017,2017,HOUR,Hours,0,Units,,,1747.4,,
Hungary,TE,Total employment,A,Annual,2018,2018,HOUR,Hours,0,Units,,,1729.9,,
Hungary,TE,Total employment,A,Annual,2019,2019,HOUR,Hours,0,Units,,,1722.2,,
Hungary,TE,Total employment,A,Annual,2020,2020,HOUR,Hours,0,Units,,,1657.1,,
Hungary,TE,Total employment,A,Annual,2021,2021,HOUR,Hours,0,Units,,,1687.7,,
Hungary,TE,Total employment,A,Annual,2022,2022,HOUR,Hours,0,Units,,,1699.6,,
Iceland,DE,Dependent employment,A,Annual,2010,2010,HOUR,Hours,0,Units,,,1548.211009,,
Iceland,DE,Dependent employment,A,Annual,2011,2011,HOUR,Hours,0,Units,,,1558.07268,,
Iceland,DE,Dependent employment,A,Annual,2012,2012,HOUR,Hours,0,Units,,,1541.720841,,
Iceland,DE,Dependent employment,A,Annual,2013,2013,HOUR,Hours,0,Units,,,1540.552795,,
Iceland,DE,Dependent employment,A,Annual,2014,2014,HOUR,Hours,0,Units,,,1529.551515,,
Iceland,DE,Dependent employment,A,Annual,2015,2015,HOUR,Hours,0,Units,,,1525.59342,,
Iceland,DE,Dependent employment,A,Annual,2016,2016,HOUR,Hours,0,Units,,,1532.997199,,
Iceland,DE,Dependent employment,A,Annual,2017,2017,HOUR,Hours,0,Units,,,1517.688604,,
Iceland,DE,Dependent employment,A,Annual,2018,2018,HOUR,Hours,0,Units,,,1507.391079,,
Iceland,DE,Dependent employment,A,Annual,2019,2019,HOUR,Hours,0,Units,,,1492.698908,,
Iceland,DE,Dependent employment,A,Annual,2020,2020,HOUR,Hours,0,Units,,,1462.006561,,
Iceland,DE,Dependent employment,A,Annual,2021,2021,HOUR,Hours,0,Units,,,1469.525862,,
Iceland,DE,Dependent employment,A,Annual,2022,2022,HOUR,Hours,0,Units,,,1459.665335,,
Iceland,TE,Total employment,A,Annual,2010,2010,HOUR,Hours,0,Units,,,1527.852308,,
Iceland,TE,Total employment,A,Annual,2011,2011,HOUR,Hours,0,Units,,,1537.681071,,
Iceland,TE,Total employment,A,Annual,2012,2012,HOUR,Hours,0,Units,,,1523.064516,,
Iceland,TE,Total employment,A,Annual,2013,2013,HOUR,Hours,0,Units,,,1524.1331,,
Iceland,TE,Total employment,A,Annual,2014,2014,HOUR,Hours,0,Units,,,1513.435897,,
Iceland,TE,Total employment,A,Annual,2015,2015,HOUR,Hours,0,Units,,,1511.401662,,
Iceland,TE,Total employment,A,Annual,2016,2016,HOUR,Hours,0,Units,,,1519.994701,,
Iceland,TE,Total employment,A,Annual,2017,2017,HOUR,Hours,0,Units,,,1507.076767,,
Iceland,TE,Total employment,A,Annual,2018,2018,HOUR,Hours,0,Units,,,1496.456071,,
Iceland,TE,Total employment,A,Annual,2019,2019,HOUR,Hours,0,Units,,,1480.148221,,
Iceland,TE,Total employment,A,Annual,2020,2020,HOUR,Hours,0,Units,,,1446.239627,,
Iceland,TE,Total employment,A,Annual,2021,2021,HOUR,Hours,0,Units,,,1456.726343,,
Iceland,TE,Total employment,A,Annual,2022,2022,HOUR,Hours,0,Units,,,1449.219419,,
Ireland,DE,Dependent employment,A,Annual,2010,2010,HOUR,Hours,0,Units,,,1600.858935,,
Ireland,DE,Dependent employment,A,Annual,2011,2011,HOUR,Hours,0,Units,,,1599.242905,,
Ireland,DE,Dependent employment,A,Annual,2012,2012,HOUR,Hours,0,Units,,,1602.684598,,
Ireland,DE,Dependent employment,A,Annual,2013,2013,HOUR,Hours,0,Units,,,1614.782185,,
Ireland,DE,Dependent employment,A,Annual,2014,2014,HOUR,Hours,0,Units,,,1625.160767,,
Ireland,DE,Dependent employment,A,Annual,2015,2015,HOUR,Hours,0,Units,,,1616.924997,,
Ireland,DE,Dependent employment,A,Annual,2016,2016,HOUR,Hours,0,Units,,,1643.274883,,
Ireland,DE,Dependent employment,A,Annual,2017,2017,HOUR,Hours,0,Units,,,1662.77198,,
Ireland,DE,Dependent employment,A,Annual,2018,2018,HOUR,Hours,0,Units,,,1681.22576,,
Ireland,DE,Dependent employment,A,Annual,2019,2019,HOUR,Hours,0,Units,,,1683.66902,,
Ireland,DE,Dependent employment,A,Annual,2020,2020,HOUR,Hours,0,Units,,,1600.161085,,
Ireland,DE,Dependent employment,A,Annual,2021,2021,HOUR,Hours,0,Units,,,1597.920421,,
Ireland,DE,Dependent employment,A,Annual,2022,2022,HOUR,Hours,0,Units,,,1623.595075,,
Ireland,TE,Total employment,A,Annual,2010,2010,HOUR,Hours,0,Units,,,1665.658179,,
Ireland,TE,Total employment,A,Annual,2011,2011,HOUR,Hours,0,Units,,,1668.303483,,
Ireland,TE,Total employment,A,Annual,2012,2012,HOUR,Hours,0,Units,,,1662.83305,,
Ireland,TE,Total employment,A,Annual,2013,2013,HOUR,Hours,0,Units,,,1677.325512,,
Ireland,TE,Total employment,A,Annual,2014,2014,HOUR,Hours,0,Units,,,1688.637691,,
Ireland,TE,Total employment,A,Annual,2015,2015,HOUR,Hours,0,Units,,,1681.97169,,
Ireland,TE,Total employment,A,Annual,2016,2016,HOUR,Hours,0,Units,,,1704.362783,,
Ireland,TE,Total employment,A,Annual,2017,2017,HOUR,Hours,0,Units,,,1727.170277,,
Ireland,TE,Total employment,A,Annual,2018,2018,HOUR,Hours,0,Units,,,1741.78757,,
Ireland,TE,Total employment,A,Annual,2019,2019,HOUR,Hours,0,Units,,,1742.062569,,
Ireland,TE,Total employment,A,Annual,2020,2020,HOUR,Hours,0,Units,,,1619.565893,,
Ireland,TE,Total employment,A,Annual,2021,2021,HOUR,Hours,0,Units,,,1627.490825,,
Ireland,TE,Total employment,A,Annual,2022,2022,HOUR,Hours,0,Units,,,1657.468503,,
Italy,TE,Total employment,A,Annual,2010,2010,HOUR,Hours,0,Units,,,1776.773246,,
Italy,TE,Total employment,A,Annual,2011,2011,HOUR,Hours,0,Units,,,1772.557375,,
Italy,TE,Total employment,A,Annual,2012,2012,HOUR,Hours,0,Units,,,1733.642273,,
Italy,TE,Total employment,A,Annual,2013,2013,HOUR,Hours,0,Units,,,1719.0903,,
Italy,TE,Total employment,A,Annual,2014,2014,HOUR,Hours,0,Units,,,1716.341179,,
Italy,TE,Total employment,A,Annual,2015,2015,HOUR,Hours,0,Units,,,1717.46898,,
Italy,TE,Total employment,A,Annual,2016,2016,HOUR,Hours,0,Units,,,1721.697513,,
Italy,TE,Total employment,A,Annual,2017,2017,HOUR,Hours,0,Units,,,1719.15758,,
Italy,TE,Total employment,A,Annual,2018,2018,HOUR,Hours,0,Units,,,1719.352418,,
Italy,TE,Total employment,A,Annual,2019,2019,HOUR,Hours,0,Units,,,1710.180953,,
Italy,TE,Total employment,A,Annual,2020,2020,HOUR,Hours,0,Units,,,1543.117314,,
Italy,TE,Total employment,A,Annual,2021,2021,HOUR,Hours,0,Units,,,1658.26988,,
Italy,TE,Total employment,A,Annual,2022,2022,HOUR,Hours,0,Units,,,1694.452444,,
Japan,DE,Dependent employment,A,Annual,2010,2010,HOUR,Hours,0,Units,,,1746.534206,,
Japan,DE,Dependent employment,A,Annual,2011,2011,HOUR,Hours,0,Units,,,1740.852634,,
Japan,DE,Dependent employment,A,Annual,2012,2012,HOUR,Hours,0,Units,,,1758.655405,,
Japan,DE,Dependent employment,A,Annual,2013,2013,HOUR,Hours,0,Units,,,1743.220287,,
Japan,DE,Dependent employment,A,Annual,2014,2014,HOUR,Hours,0,Units,,,1738.264612,,
Japan,DE,Dependent employment,A,Annual,2015,2015,HOUR,Hours,0,Units,,,1730.397829,,
Japan,DE,Dependent employment,A,Annual,2016,2016,HOUR,Hours,0,Units,,,1723.031897,,
Japan,DE,Dependent employment,A,Annual,2017,2017,HOUR,Hours,0,Units,,,1719.067143,,
Japan,DE,Dependent employment,A,Annual,2018,2018,HOUR,Hours,0,Units,,,1697.921468,,
Japan,DE,Dependent employment,A,Annual,2019,2019,HOUR,Hours,0,Units,,,1662.090468,,
Japan,DE,Dependent employment,A,Annual,2020,2020,HOUR,Hours,0,Units,,,1616.876484,,
Japan,DE,Dependent employment,A,Annual,2021,2021,HOUR,Hours,0,Units,,,1626.744693,,
Japan,DE,Dependent employment,A,Annual,2022,2022,HOUR,Hours,0,Units,,,1625.536328,,
Japan,TE,Total employment,A,Annual,2010,2010,HOUR,Hours,0,Units,,,1733,,
Japan,TE,Total employment,A,Annual,2011,2011,HOUR,Hours,0,Units,,,1728,,
Japan,TE,Total employment,A,Annual,2012,2012,HOUR,Hours,0,Units,,,1745,,
Japan,TE,Total employment,A,Annual,2013,2013,HOUR,Hours,0,Units,,,1734,,
Japan,TE,Total employment,A,Annual,2014,2014,HOUR,Hours,0,Units,,,1729,,
Japan,TE,Total employment,A,Annual,2015,2015,HOUR,Hours,0,Units,,,1719,,
Japan,TE,Total employment,A,Annual,2016,2016,HOUR,Hours,0,Units,,,1714,,
Japan,TE,Total employment,A,Annual,2017,2017,HOUR,Hours,0,Units,,,1709,,
Japan,TE,Total employment,A,Annual,2018,2018,HOUR,Hours,0,Units,,,1680,,
Japan,TE,Total employment,A,Annual,2019,2019,HOUR,Hours,0,Units,,,1644,,
Japan,TE,Total employment,A,Annual,2020,2020,HOUR,Hours,0,Units,,,1597.010834,,
Japan,TE,Total employment,A,Annual,2021,2021,HOUR,Hours,0,Units,,,1607.482979,,
Japan,TE,Total employment,A,Annual,2022,2022,HOUR,Hours,0,Units,,,1606.995367,,
Korea,DE,Dependent employment,A,Annual,2011,2011,HOUR,Hours,0,Units,,,2119.2,,
Korea,DE,Dependent employment,A,Annual,2012,2012,HOUR,Hours,0,Units,,,2097.6,,
Korea,DE,Dependent employment,A,Annual,2013,2013,HOUR,Hours,0,Units,,,2071.2,,
Korea,DE,Dependent employment,A,Annual,2014,2014,HOUR,Hours,0,Units,,,2047.2,,
Korea,DE,Dependent employment,A,Annual,2015,2015,HOUR,Hours,0,Units,,,2058,,
Korea,DE,Dependent employment,A,Annual,2016,2016,HOUR,Hours,0,Units,,,2032.8,,
Korea,DE,Dependent employment,A,Annual,2017,2017,HOUR,Hours,0,Units,,,1995.6,,
Korea,DE,Dependent employment,A,Annual,2018,2018,HOUR,Hours,0,Units,,,1966.8,,
Korea,DE,Dependent employment,A,Annual,2019,2019,HOUR,Hours,0,Units,,,1957.2,,
Korea,DE,Dependent employment,A,Annual,2020,2020,HOUR,Hours,0,Units,,,1927.2,,
Korea,DE,Dependent employment,A,Annual,2021,2021,HOUR,Hours,0,Units,,,1928,,
Korea,DE,Dependent employment,A,Annual,2022,2022,HOUR,Hours,0,Units,,,1904,,
Korea,TE,Total employment,A,Annual,2010,2010,HOUR,Hours,0,Units,,,2163,,
Korea,TE,Total employment,A,Annual,2011,2011,HOUR,Hours,0,Units,,,2136,,
Korea,TE,Total employment,A,Annual,2012,2012,HOUR,Hours,0,Units,,,2119,,
Korea,TE,Total employment,A,Annual,2013,2013,HOUR,Hours,0,Units,,,2106,,
Korea,TE,Total employment,A,Annual,2014,2014,HOUR,Hours,0,Units,,,2076,,
Korea,TE,Total employment,A,Annual,2015,2015,HOUR,Hours,0,Units,,,2083,,
Korea,TE,Total employment,A,Annual,2016,2016,HOUR,Hours,0,Units,,,2068,,
Korea,TE,Total employment,A,Annual,2017,2017,HOUR,Hours,0,Units,,,2018,,
Korea,TE,Total employment,A,Annual,2018,2018,HOUR,Hours,0,Units,,,1993,,
Korea,TE,Total employment,A,Annual,2019,2019,HOUR,Hours,0,Units,,,1967,,
Korea,TE,Total employment,A,Annual,2020,2020,HOUR,Hours,0,Units,,,1908,,
Korea,TE,Total employment,A,Annual,2021,2021,HOUR,Hours,0,Units,,,1910,,
Korea,TE,Total employment,A,Annual,2022,2022,HOUR,Hours,0,Units,,,1901,,
Luxembourg,DE,Dependent employment,A,Annual,2010,2010,HOUR,Hours,0,Units,,,1519.821488,,
Luxembourg,DE,Dependent employment,A,Annual,2011,2011,HOUR,Hours,0,Units,,,1519.529021,,
Luxembourg,DE,Dependent employment,A,Annual,2012,2012,HOUR,Hours,0,Units,,,1512.81424,,
Luxembourg,DE,Dependent employment,A,Annual,2013,2013,HOUR,Hours,0,Units,,,1503.711562,,
Luxembourg,DE,Dependent employment,A,Annual,2014,2014,HOUR,Hours,0,Units,,,1508.101552,,
Luxembourg,DE,Dependent employment,A,Annual,2015,2015,HOUR,Hours,0,Units,,,1516.321184,,
Luxembourg,DE,Dependent employment,A,Annual,2016,2016,HOUR,Hours,0,Units,,,1514.449334,,
Luxembourg,DE,Dependent employment,A,Annual,2017,2017,HOUR,Hours,0,Units,,,1506.16974,,
Luxembourg,DE,Dependent employment,A,Annual,2018,2018,HOUR,Hours,0,Units,,,1507.354669,,
Luxembourg,DE,Dependent employment,A,Annual,2019,2019,HOUR,Hours,0,Units,,,1502.107384,,
Luxembourg,DE,Dependent employment,A,Annual,2020,2020,HOUR,Hours,0,Units,,,1418.495503,,
Luxembourg,DE,Dependent employment,A,Annual,2021,2021,HOUR,Hours,0,Units,,,1477.098928,,
Luxembourg,DE,Dependent employment,A,Annual,2022,2022,HOUR,Hours,0,Units,,,1483.33925,,
Luxembourg,TE,Total employment,A,Annual,2010,2010,HOUR,Hours,0,Units,,,1521.026918,,
Luxembourg,TE,Total employment,A,Annual,2011,2011,HOUR,Hours,0,Units,,,1519.543974,,
Luxembourg,TE,Total employment,A,Annual,2012,2012,HOUR,Hours,0,Units,,,1513.699661,,
Luxembourg,TE,Total employment,A,Annual,2013,2013,HOUR,Hours,0,Units,,,1506.289912,,
Luxembourg,TE,Total employment,A,Annual,2014,2014,HOUR,Hours,0,Units,,,1512.069751,,
Luxembourg,TE,Total employment,A,Annual,2015,2015,HOUR,Hours,0,Units,,,1519.451484,,
Luxembourg,TE,Total employment,A,Annual,2016,2016,HOUR,Hours,0,Units,,,1517.968002,,
Luxembourg,TE,Total employment,A,Annual,2017,2017,HOUR,Hours,0,Units,,,1508.101855,,
Luxembourg,TE,Total employment,A,Annual,2018,2018,HOUR,Hours,0,Units,,,1498.61632,,
Luxembourg,TE,Total employment,A,Annual,2019,2019,HOUR,Hours,0,Units,,,1492.706218,,
Luxembourg,TE,Total employment,A,Annual,2020,2020,HOUR,Hours,0,Units,,,1408.225889,,
Luxembourg,TE,Total employment,A,Annual,2021,2021,HOUR,Hours,0,Units,,,1467.410667,,
Luxembourg,TE,Total employment,A,Annual,2022,2022,HOUR,Hours,0,Units,,,1473.257973,,
Mexico,DE,Dependent employment,A,Annual,2010,2010,HOUR,Hours,0,Units,,,2337,,
Mexico,DE,Dependent employment,A,Annual,2011,2011,HOUR,Hours,0,Units,,,2328.3,,
Mexico,DE,Dependent employment,A,Annual,2012,2012,HOUR,Hours,0,Units,,,2325.4,,
Mexico,DE,Dependent employment,A,Annual,2013,2013,HOUR,Hours,0,Units,,,2334.6,,
Mexico,DE,Dependent employment,A,Annual,2014,2014,HOUR,Hours,0,Units,,,2337.3,,
Mexico,DE,Dependent employment,A,Annual,2015,2015,HOUR,Hours,0,Units,,,2347.5,,
Mexico,DE,Dependent employment,A,Annual,2016,2016,HOUR,Hours,0,Units,,,2347.8,,
Mexico,DE,Dependent employment,A,Annual,2017,2017,HOUR,Hours,0,Units,,,2348.3,,
Mexico,DE,Dependent employment,A,Annual,2018,2018,HOUR,Hours,0,Units,,,2346.6,,
Mexico,DE,Dependent employment,A,Annual,2019,2019,HOUR,Hours,0,Units,,,2335.8,,
Mexico,DE,Dependent employment,A,Annual,2020,2020,HOUR,Hours,0,Units,,,2326,,
Mexico,DE,Dependent employment,A,Annual,2021,2021,HOUR,Hours,0,Units,,,2328.3,,
Mexico,DE,Dependent employment,A,Annual,2022,2022,HOUR,Hours,0,Units,,,2335,,
Mexico,TE,Total employment,A,Annual,2010,2010,HOUR,Hours,0,Units,,,2243.893443,,
Mexico,TE,Total employment,A,Annual,2011,2011,HOUR,Hours,0,Units,,,2236.718085,,
Mexico,TE,Total employment,A,Annual,2012,2012,HOUR,Hours,0,Units,,,2226.199163,,
Mexico,TE,Total employment,A,Annual,2013,2013,HOUR,Hours,0,Units,,,2230.84402,,
Mexico,TE,Total employment,A,Annual,2014,2014,HOUR,Hours,0,Units,,,2229.068119,,
Mexico,TE,Total employment,A,Annual,2015,2015,HOUR,Hours,0,Units,,,2233.595298,,
Mexico,TE,Total employment,A,Annual,2016,2016,HOUR,Hours,0,Units,,,2237.93949,,
Mexico,TE,Total employment,A,Annual,2017,2017,HOUR,Hours,0,Units,,,2237.741208,,
Mexico,TE,Total employment,A,Annual,2018,2018,HOUR,Hours,0,Units,,,2237.945375,,
Mexico,TE,Total employment,A,Annual,2019,2019,HOUR,Hours,0,Units,,,2227.516904,,
Mexico,TE,Total employment,A,Annual,2020,2020,HOUR,Hours,0,Units,,,2207.426162,,
Mexico,TE,Total employment,A,Annual,2021,2021,HOUR,Hours,0,Units,,,2216.264732,,
Mexico,TE,Total employment,A,Annual,2022,2022,HOUR,Hours,0,Units,,,2226.300445,,
Netherlands,DE,Dependent employment,A,Annual,2010,2010,HOUR,Hours,0,Units,,,1357,,
Netherlands,DE,Dependent employment,A,Annual,2011,2011,HOUR,Hours,0,Units,,,1358,,
Netherlands,DE,Dependent employment,A,Annual,2012,2012,HOUR,Hours,0,Units,,,1348,,
Netherlands,DE,Dependent employment,A,Annual,2013,2013,HOUR,Hours,0,Units,,,1353,,
Netherlands,DE,Dependent employment,A,Annual,2014,2014,HOUR,Hours,0,Units,,,1362,,
Netherlands,DE,Dependent employment,A,Annual,2015,2015,HOUR,Hours,0,Units,,,1356,,
Netherlands,DE,Dependent employment,A,Annual,2016,2016,HOUR,Hours,0,Units,,,1366,,
Netherlands,DE,Dependent employment,A,Annual,2017,2017,HOUR,Hours,0,Units,,,1364,,
Netherlands,DE,Dependent employment,A,Annual,2018,2018,HOUR,Hours,0,Units,,,1364,,
Netherlands,DE,Dependent employment,A,Annual,2019,2019,HOUR,Hours,0,Units,,,1368,,
Netherlands,DE,Dependent employment,A,Annual,2020,2020,HOUR,Hours,0,Units,,,1335,,
Netherlands,DE,Dependent employment,A,Annual,2021,2021,HOUR,Hours,0,Units,,,1364,,
Netherlands,DE,Dependent employment,A,Annual,2022,2022,HOUR,Hours,0,Units,,,1361,,
Netherlands,TE,Total employment,A,Annual,2010,2010,HOUR,Hours,0,Units,,,1419.633443,,
Netherlands,TE,Total employment,A,Annual,2011,2011,HOUR,Hours,0,Units,,,1420.180237,,
Netherlands,TE,Total employment,A,Annual,2012,2012,HOUR,Hours,0,Units,,,1410.509788,,
Netherlands,TE,Total employment,A,Annual,2013,2013,HOUR,Hours,0,Units,,,1414.698958,,
Netherlands,TE,Total employment,A,Annual,2014,2014,HOUR,Hours,0,Units,,,1425.595301,,
Netherlands,TE,Total employment,A,Annual,2015,2015,HOUR,Hours,0,Units,,,1425.813579,,
Netherlands,TE,Total employment,A,Annual,2016,2016,HOUR,Hours,0,Units,,,1437.309404,,
Netherlands,TE,Total employment,A,Annual,2017,2017,HOUR,Hours,0,Units,,,1436.765644,,
Netherlands,TE,Total employment,A,Annual,2018,2018,HOUR,Hours,0,Units,,,1436.060162,,
Netherlands,TE,Total employment,A,Annual,2019,2019,HOUR,Hours,0,Units,,,1441.075444,,
Netherlands,TE,Total employment,A,Annual,2020,2020,HOUR,Hours,0,Units,,,1407.90304,,
Netherlands,TE,Total employment,A,Annual,2021,2021,HOUR,Hours,0,Units,,,1426.236397,,
Netherlands,TE,Total employment,A,Annual,2022,2022,HOUR,Hours,0,Units,,,1427.015671,,
New Zealand,DE,Dependent employment,A,Annual,2010,2010,HOUR,Hours,0,Units,,,1741,,
New Zealand,DE,Dependent employment,A,Annual,2011,2011,HOUR,Hours,0,Units,,,1735,,
New Zealand,DE,Dependent employment,A,Annual,2012,2012,HOUR,Hours,0,Units,,,1723,,
New Zealand,DE,Dependent employment,A,Annual,2013,2013,HOUR,Hours,0,Units,,,1750,,
New Zealand,DE,Dependent employment,A,Annual,2014,2014,HOUR,Hours,0,Units,,,1756,,
New Zealand,DE,Dependent employment,A,Annual,2015,2015,HOUR,Hours,0,Units,,,1750,,
New Zealand,DE,Dependent employment,A,Annual,2016,2016,HOUR,Hours,0,Units,,,1742,,
New Zealand,DE,Dependent employment,A,Annual,2017,2017,HOUR,Hours,0,Units,,,1754,,
New Zealand,DE,Dependent employment,A,Annual,2018,2018,HOUR,Hours,0,Units,,,1760,,
New Zealand,DE,Dependent employment,A,Annual,2019,2019,HOUR,Hours,0,Units,,,1776,,
New Zealand,DE,Dependent employment,A,Annual,2020,2020,HOUR,Hours,0,Units,,,1774,,
New Zealand,DE,Dependent employment,A,Annual,2021,2021,HOUR,Hours,0,Units,,,1727,,
New Zealand,DE,Dependent employment,A,Annual,2022,2022,HOUR,Hours,0,Units,,,1747,,
New Zealand,TE,Total employment,A,Annual,2010,2010,HOUR,Hours,0,Units,,,1755,,
New Zealand,TE,Total employment,A,Annual,2011,2011,HOUR,Hours,0,Units,,,1746,,
New Zealand,TE,Total employment,A,Annual,2012,2012,HOUR,Hours,0,Units,,,1734,,
New Zealand,TE,Total employment,A,Annual,2013,2013,HOUR,Hours,0,Units,,,1756,,
New Zealand,TE,Total employment,A,Annual,2014,2014,HOUR,Hours,0,Units,,,1758,,
New Zealand,TE,Total employment,A,Annual,2015,2015,HOUR,Hours,0,Units,,,1753,,
New Zealand,TE,Total employment,A,Annual,2016,2016,HOUR,Hours,0,Units,,,1754,,
New Zealand,TE,Total employment,A,Annual,2017,2017,HOUR,Hours,0,Units,,,1756,,
New Zealand,TE,Total employment,A,Annual,2018,2018,HOUR,Hours,0,Units,,,1759,,
New Zealand,TE,Total employment,A,Annual,2019,2019,HOUR,Hours,0,Units,,,1783,,
New Zealand,TE,Total employment,A,Annual,2020,2020,HOUR,Hours,0,Units,,,1739,,
New Zealand,TE,Total employment,A,Annual,2021,2021,HOUR,Hours,0,Units,,,1730,,
New Zealand,TE,Total employment,A,Annual,2022,2022,HOUR,Hours,0,Units,,,1748,,
Norway,TE,Total employment,A,Annual,2010,2010,HOUR,Hours,0,Units,,,1429.858934,,
Norway,TE,Total employment,A,Annual,2011,2011,HOUR,Hours,0,Units,,,1434.530707,,
Norway,TE,Total employment,A,Annual,2012,2012,HOUR,Hours,0,Units,,,1431.491294,,
Norway,TE,Total employment,A,Annual,2013,2013,HOUR,Hours,0,Units,,,1421.032934,,
Norway,TE,Total employment,A,Annual,2014,2014,HOUR,Hours,0,Units,,,1423.703704,,
Norway,TE,Total employment,A,Annual,2015,2015,HOUR,Hours,0,Units,,,1426.568266,,
Norway,TE,Total employment,A,Annual,2016,2016,HOUR,Hours,0,Units,,,1429.885904,,
Norway,TE,Total employment,A,Annual,2017,2017,HOUR,Hours,0,Units,,,1419.213974,,
Norway,TE,Total employment,A,Annual,2018,2018,HOUR,Hours,0,Units,,,1419.412607,,
Norway,TE,Total employment,A,Annual,2019,2019,HOUR,Hours,0,Units,,,1418.54725,,
Norway,TE,Total employment,A,Annual,2020,2020,HOUR,Hours,0,Units,,,1409.74212,,
Norway,TE,Total employment,A,Annual,2021,2021,HOUR,Hours,0,Units,,,1425.539441,,
Norway,TE,Total employment,A,Annual,2022,2022,HOUR,Hours,0,Units,,,1424.582908,,
Poland,DE,Dependent employment,A,Annual,2010,2010,HOUR,Hours,0,Units,,,1741.119097,,
Poland,DE,Dependent employment,A,Annual,2011,2011,HOUR,Hours,0,Units,,,1734.200588,,
Poland,DE,Dependent employment,A,Annual,2012,2012,HOUR,Hours,0,Units,,,1725.858888,,
Poland,DE,Dependent employment,A,Annual,2013,2013,HOUR,Hours,0,Units,,,1721.324342,,
Poland,DE,Dependent employment,A,Annual,2014,2014,HOUR,Hours,0,Units,,,1726.447645,,
Poland,DE,Dependent employment,A,Annual,2015,2015,HOUR,Hours,0,Units,,,1733.111708,,
Poland,DE,Dependent employment,A,Annual,2016,2016,HOUR,Hours,0,Units,,,1733.616494,,
Poland,DE,Dependent employment,A,Annual,2017,2017,HOUR,Hours,0,Units,,,1717.544817,,
Poland,DE,Dependent employment,A,Annual,2018,2018,HOUR,Hours,0,Units,,,1696.865537,,
Poland,DE,Dependent employment,A,Annual,2019,2019,HOUR,Hours,0,Units,,,1691.841608,,
Poland,DE,Dependent employment,A,Annual,2020,2020,HOUR,Hours,0,Units,,,1685.249066,,
Poland,DE,Dependent employment,A,Annual,2021,2021,HOUR,Hours,0,Units,,,1725.4901,,
Poland,DE,Dependent employment,A,Annual,2022,2022,HOUR,Hours,0,Units,,,1711.676524,,
Poland,TE,Total employment,A,Annual,2010,2010,HOUR,Hours,0,Units,,,1828.971957,,
Poland,TE,Total employment,A,Annual,2011,2011,HOUR,Hours,0,Units,,,1824.329859,,
Poland,TE,Total employment,A,Annual,2012,2012,HOUR,Hours,0,Units,,,1819.687805,,
Poland,TE,Total employment,A,Annual,2013,2013,HOUR,Hours,0,Units,,,1816.433541,,
Poland,TE,Total employment,A,Annual,2014,2014,HOUR,Hours,0,Units,,,1822.296217,,
Poland,TE,Total employment,A,Annual,2015,2015,HOUR,Hours,0,Units,,,1829.158638,,
Poland,TE,Total employment,A,Annual,2016,2016,HOUR,Hours,0,Units,,,1831.363798,,
Poland,TE,Total employment,A,Annual,2017,2017,HOUR,Hours,0,Units,,,1811.616217,,
Poland,TE,Total employment,A,Annual,2018,2018,HOUR,Hours,0,Units,,,1787.328604,,
Poland,TE,Total employment,A,Annual,2019,2019,HOUR,Hours,0,Units,,,1782.625219,,
Poland,TE,Total employment,A,Annual,2020,2020,HOUR,Hours,0,Units,,,1768.756397,,
Poland,TE,Total employment,A,Annual,2021,2021,HOUR,Hours,0,Units,,,1827.917149,,
Poland,TE,Total employment,A,Annual,2022,2022,HOUR,Hours,0,Units,,,1814.794857,,
Portugal,DE,Dependent employment,A,Annual,2010,2010,HOUR,Hours,0,Units,,,1710.433427,,
Portugal,DE,Dependent employment,A,Annual,2011,2011,HOUR,Hours,0,Units,,,1688.214167,,
Portugal,DE,Dependent employment,A,Annual,2012,2012,HOUR,Hours,0,Units,,,1676.563407,,
Portugal,DE,Dependent employment,A,Annual,2013,2013,HOUR,Hours,0,Units,,,1689.095172,,
Portugal,DE,Dependent employment,A,Annual,2014,2014,HOUR,Hours,0,Units,,,1697.590729,,
Portugal,DE,Dependent employment,A,Annual,2015,2015,HOUR,Hours,0,Units,,,1696.650188,,
Portugal,DE,Dependent employment,A,Annual,2016,2016,HOUR,Hours,0,Units,,,1697.90307,,
Portugal,DE,Dependent employment,A,Annual,2017,2017,HOUR,Hours,0,Units,,,1690.197529,,
Portugal,DE,Dependent employment,A,Annual,2018,2018,HOUR,Hours,0,Units,,,1697.448627,,
Portugal,DE,Dependent employment,A,Annual,2019,2019,HOUR,Hours,0,Units,,,1698.803425,,
Portugal,DE,Dependent employment,A,Annual,2020,2020,HOUR,Hours,0,Units,,,1574.485278,,
Portugal,DE,Dependent employment,A,Annual,2021,2021,HOUR,Hours,0,Units,,,1620.563129,,
Portugal,DE,Dependent employment,A,Annual,2022,2022,HOUR,Hours,0,Units,,,1606.954009,,
Portugal,TE,Total employment,A,Annual,2010,2010,HOUR,Hours,0,Units,,,1745.595009,,
Portugal,TE,Total employment,A,Annual,2011,2011,HOUR,Hours,0,Units,,,1724.362282,,
Portugal,TE,Total employment,A,Annual,2012,2012,HOUR,Hours,0,Units,,,1708.217949,,
Portugal,TE,Total employment,A,Annual,2013,2013,HOUR,Hours,0,Units,,,1717.553355,,
Portugal,TE,Total employment,A,Annual,2014,2014,HOUR,Hours,0,Units,,,1724.575528,,
Portugal,TE,Total employment,A,Annual,2015,2015,HOUR,Hours,0,Units,,,1731.733453,,
Portugal,TE,Total employment,A,Annual,2016,2016,HOUR,Hours,0,Units,,,1737.476064,,
Portugal,TE,Total employment,A,Annual,2017,2017,HOUR,Hours,0,Units,,,1727.140473,,
Portugal,TE,Total employment,A,Annual,2018,2018,HOUR,Hours,0,Units,,,1737.703752,,
Portugal,TE,Total employment,A,Annual,2019,2019,HOUR,Hours,0,Units,,,1743.930319,,
Portugal,TE,Total employment,A,Annual,2020,2020,HOUR,Hours,0,Units,,,1611.193462,,
Portugal,TE,Total employment,A,Annual,2021,2021,HOUR,Hours,0,Units,,,1648.942749,,
Portugal,TE,Total employment,A,Annual,2022,2022,HOUR,Hours,0,Units,,,1635.095304,,
Slovak Republic,DE,Dependent employment,A,Annual,2010,2010,HOUR,Hours,0,Units,,,1714.328602,,
Slovak Republic,DE,Dependent employment,A,Annual,2011,2011,HOUR,Hours,0,Units,,,1704.574284,,
Slovak Republic,DE,Dependent employment,A,Annual,2012,2012,HOUR,Hours,0,Units,,,1701.202896,,
Slovak Republic,DE,Dependent employment,A,Annual,2013,2013,HOUR,Hours,0,Units,,,1686.103817,,
Slovak Republic,DE,Dependent employment,A,Annual,2014,2014,HOUR,Hours,0,Units,,,1676.295315,,
Slovak Republic,DE,Dependent employment,A,Annual,2015,2015,HOUR,Hours,0,Units,,,1672.051789,,
Slovak Republic,DE,Dependent employment,A,Annual,2016,2016,HOUR,Hours,0,Units,,,1657.805415,,
Slovak Republic,DE,Dependent employment,A,Annual,2017,2017,HOUR,Hours,0,Units,,,1630.443331,,
Slovak Republic,DE,Dependent employment,A,Annual,2018,2018,HOUR,Hours,0,Units,,,1620.785223,,
Slovak Republic,DE,Dependent employment,A,Annual,2019,2019,HOUR,Hours,0,Units,,,1606.360832,,
Slovak Republic,DE,Dependent employment,A,Annual,2020,2020,HOUR,Hours,0,Units,,,1500.90702,,
Slovak Republic,DE,Dependent employment,A,Annual,2021,2021,HOUR,Hours,0,Units,,,1516.291946,,
Slovak Republic,DE,Dependent employment,A,Annual,2022,2022,HOUR,Hours,0,Units,,,1552.777154,,
Slovak Republic,TE,Total employment,A,Annual,2010,2010,HOUR,Hours,0,Units,,,1805.148533,,
Slovak Republic,TE,Total employment,A,Annual,2011,2011,HOUR,Hours,0,Units,,,1793.010321,,
Slovak Republic,TE,Total employment,A,Annual,2012,2012,HOUR,Hours,0,Units,,,1789.040803,,
Slovak Republic,TE,Total employment,A,Annual,2013,2013,HOUR,Hours,0,Units,,,1771.613287,,
Slovak Republic,TE,Total employment,A,Annual,2014,2014,HOUR,Hours,0,Units,,,1759.613953,,
Slovak Republic,TE,Total employment,A,Annual,2015,2015,HOUR,Hours,0,Units,,,1754.088599,,
Slovak Republic,TE,Total employment,A,Annual,2016,2016,HOUR,Hours,0,Units,,,1740.011521,,
Slovak Republic,TE,Total employment,A,Annual,2017,2017,HOUR,Hours,0,Units,,,1713.783841,,
Slovak Republic,TE,Total employment,A,Annual,2018,2018,HOUR,Hours,0,Units,,,1703.923961,,
Slovak Republic,TE,Total employment,A,Annual,2019,2019,HOUR,Hours,0,Units,,,1691.986308,,
Slovak Republic,TE,Total employment,A,Annual,2020,2020,HOUR,Hours,0,Units,,,1571.980392,,
Slovak Republic,TE,Total employment,A,Annual,2021,2021,HOUR,Hours,0,Units,,,1583.159408,,
Slovak Republic,TE,Total employment,A,Annual,2022,2022,HOUR,Hours,0,Units,,,1622.06685,,
Spain,DE,Dependent employment,A,Annual,2010,2010,HOUR,Hours,0,Units,,,1644,,
Spain,DE,Dependent employment,A,Annual,2011,2011,HOUR,Hours,0,Units,,,1645,,
Spain,DE,Dependent employment,A,Annual,2012,2012,HOUR,Hours,0,Units,,,1626,,
Spain,DE,Dependent employment,A,Annual,2013,2013,HOUR,Hours,0,Units,,,1612,,
Spain,DE,Dependent employment,A,Annual,2014,2014,HOUR,Hours,0,Units,,,1609,,
Spain,DE,Dependent employment,A,Annual,2015,2015,HOUR,Hours,0,Units,,,1614,,
Spain,DE,Dependent employment,A,Annual,2016,2016,HOUR,Hours,0,Units,,,1620,,
Spain,DE,Dependent employment,A,Annual,2017,2017,HOUR,Hours,0,Units,,,1614,,
Spain,DE,Dependent employment,A,Annual,2018,2018,HOUR,Hours,0,Units,,,1618,,
Spain,DE,Dependent employment,A,Annual,2019,2019,HOUR,Hours,0,Units,,,1605,,
Spain,DE,Dependent employment,A,Annual,2020,2020,HOUR,Hours,0,Units,,,1494,,
Spain,DE,Dependent employment,A,Annual,2021,2021,HOUR,Hours,0,Units,,,1541,,
Spain,DE,Dependent employment,A,Annual,2022,2022,HOUR,Hours,0,Units,,,1563,,
Spain,TE,Total employment,A,Annual,2010,2010,HOUR,Hours,0,Units,,,1705.775535,,
Spain,TE,Total employment,A,Annual,2011,2011,HOUR,Hours,0,Units,,,1710.691659,,
Spain,TE,Total employment,A,Annual,2012,2012,HOUR,Hours,0,Units,,,1696.726618,,
Spain,TE,Total employment,A,Annual,2013,2013,HOUR,Hours,0,Units,,,1689.82441,,
Spain,TE,Total employment,A,Annual,2014,2014,HOUR,Hours,0,Units,,,1690.563997,,
Spain,TE,Total employment,A,Annual,2015,2015,HOUR,Hours,0,Units,,,1694.237188,,
Spain,TE,Total employment,A,Annual,2016,2016,HOUR,Hours,0,Units,,,1701.450062,,
Spain,TE,Total employment,A,Annual,2017,2017,HOUR,Hours,0,Units,,,1692.394168,,
Spain,TE,Total employment,A,Annual,2018,2018,HOUR,Hours,0,Units,,,1697.621952,,
Spain,TE,Total employment,A,Annual,2019,2019,HOUR,Hours,0,Units,,,1677.463076,,
Spain,TE,Total employment,A,Annual,2020,2020,HOUR,Hours,0,Units,,,1551.920797,,
Spain,TE,Total employment,A,Annual,2021,2021,HOUR,Hours,0,Units,,,1623.477832,,
Spain,TE,Total employment,A,Annual,2022,2022,HOUR,Hours,0,Units,,,1643.547475,,
Sweden,TE,Total employment,A,Annual,2010,2010,HOUR,Hours,0,Units,,,1483.017589,,
Sweden,TE,Total employment,A,Annual,2011,2011,HOUR,Hours,0,Units,,,1483.862589,,
Sweden,TE,Total employment,A,Annual,2012,2012,HOUR,Hours,0,Units,,,1471.371942,,
Sweden,TE,Total employment,A,Annual,2013,2013,HOUR,Hours,0,Units,,,1462.892899,,
Sweden,TE,Total employment,A,Annual,2014,2014,HOUR,Hours,0,Units,,,1464.359754,,
Sweden,TE,Total employment,A,Annual,2015,2015,HOUR,Hours,0,Units,,,1465.871173,,
Sweden,TE,Total employment,A,Annual,2016,2016,HOUR,Hours,0,Units,,,1478.111092,,
Sweden,TE,Total employment,A,Annual,2017,2017,HOUR,Hours,0,Units,,,1466.709105,,
Sweden,TE,Total employment,A,Annual,2018,2018,HOUR,Hours,0,Units,,,1466.180587,,
Sweden,TE,Total employment,A,Annual,2019,2019,HOUR,Hours,0,Units,,,1453.423602,,
Sweden,TE,Total employment,A,Annual,2020,2020,HOUR,Hours,0,Units,,,1426.155443,,
Sweden,TE,Total employment,A,Annual,2021,2021,HOUR,Hours,0,Units,,,1445.626641,,
Sweden,TE,Total employment,A,Annual,2022,2022,HOUR,Hours,0,Units,,,1440.459124,,
Switzerland,TE,Total employment,A,Annual,2010,2010,HOUR,Hours,0,Units,,,1611,,
Switzerland,TE,Total employment,A,Annual,2011,2011,HOUR,Hours,0,Units,,,1608,,
Switzerland,TE,Total employment,A,Annual,2012,2012,HOUR,Hours,0,Units,,,1593,,
Switzerland,TE,Total employment,A,Annual,2013,2013,HOUR,Hours,0,Units,,,1573,,
Switzerland,TE,Total employment,A,Annual,2014,2014,HOUR,Hours,0,Units,,,1564,,
Switzerland,TE,Total employment,A,Annual,2015,2015,HOUR,Hours,0,Units,,,1577,,
Switzerland,TE,Total employment,A,Annual,2016,2016,HOUR,Hours,0,Units,,,1577,,
Switzerland,TE,Total employment,A,Annual,2017,2017,HOUR,Hours,0,Units,,,1559,,
Switzerland,TE,Total employment,A,Annual,2018,2018,HOUR,Hours,0,Units,,,1551,,
Switzerland,TE,Total employment,A,Annual,2019,2019,HOUR,Hours,0,Units,,,1549,,
Switzerland,TE,Total employment,A,Annual,2020,2020,HOUR,Hours,0,Units,,,1498.797575,,
Switzerland,TE,Total employment,A,Annual,2021,2021,HOUR,Hours,0,Units,,,1531.513994,,
Switzerland,TE,Total employment,A,Annual,2022,2022,HOUR,Hours,0,Units,,,1528.660742,,
Türkiye,TE,Total employment,A,Annual,2010,2010,HOUR,Hours,0,Units,,,1877,,
Türkiye,TE,Total employment,A,Annual,2011,2011,HOUR,Hours,0,Units,,,1864,,
Türkiye,TE,Total employment,A,Annual,2012,2012,HOUR,Hours,0,Units,,,1855,,
Türkiye,TE,Total employment,A,Annual,2013,2013,HOUR,Hours,0,Units,,,1832,,
Türkiye,TE,Total employment,A,Annual,2014,2014,HOUR,Hours,0,Units,,,1829.543138,,
Türkiye,TE,Total employment,A,Annual,2015,2015,HOUR,Hours,0,Units,,,1810.707197,,
Türkiye,TE,Total employment,A,Annual,2016,2016,HOUR,Hours,0,Units,,,1789.414394,,
Türkiye,TE,Total employment,A,Annual,2017,2017,HOUR,Hours,0,Units,,,1775.492177,,
Türkiye,TE,Total employment,A,Annual,2018,2018,HOUR,Hours,0,Units,,,1745.190881,,
Türkiye,TE,Total employment,A,Annual,2019,2019,HOUR,Hours,0,Units,,,1732.087617,,
Türkiye,TE,Total employment,A,Annual,2020,2020,HOUR,Hours,0,Units,,,1572.391596,,
Türkiye,TE,Total employment,A,Annual,2021,2021,HOUR,Hours,0,Units,,,1732.087617,,
United Kingdom,DE,Dependent employment,A,Annual,2010,2010,HOUR,Hours,0,Units,,,1470.689758,,
United Kingdom,DE,Dependent employment,A,Annual,2011,2011,HOUR,Hours,0,Units,,,1481.988271,,
United Kingdom,DE,Dependent employment,A,Annual,2012,2012,HOUR,Hours,0,Units,,,1500.755257,,
United Kingdom,DE,Dependent employment,A,Annual,2013,2013,HOUR,Hours,0,Units,,,1504.711711,,
United Kingdom,DE,Dependent employment,A,Annual,2014,2014,HOUR,Hours,0,Units,,,1511.556827,,
United Kingdom,DE,Dependent employment,A,Annual,2015,2015,HOUR,Hours,0,Units,,,1496.478478,,
United Kingdom,DE,Dependent employment,A,Annual,2016,2016,HOUR,Hours,0,Units,,,1512.785999,,
United Kingdom,DE,Dependent employment,A,Annual,2017,2017,HOUR,Hours,0,Units,,,1508.980839,,
United Kingdom,DE,Dependent employment,A,Annual,2018,2018,HOUR,Hours,0,Units,,,1510.468912,,
United Kingdom,DE,Dependent employment,A,Annual,2019,2019,HOUR,Hours,0,Units,,,1513.036468,,
United Kingdom,DE,Dependent employment,A,Annual,2020,2020,HOUR,Hours,0,Units,,,1365.399067,,
United Kingdom,DE,Dependent employment,A,Annual,2021,2021,HOUR,Hours,0,Units,,,1487.345382,,
United Kingdom,DE,Dependent employment,A,Annual,2022,2022,HOUR,Hours,0,Units,,,1516.143121,,
United Kingdom,TE,Total employment,A,Annual,2010,2010,HOUR,Hours,0,Units,,,1507.239249,,
United Kingdom,TE,Total employment,A,Annual,2011,2011,HOUR,Hours,0,Units,,,1515.36324,,
United Kingdom,TE,Total employment,A,Annual,2012,2012,HOUR,Hours,0,Units,,,1531.054148,,
United Kingdom,TE,Total employment,A,Annual,2013,2013,HOUR,Hours,0,Units,,,1533.518242,,
United Kingdom,TE,Total employment,A,Annual,2014,2014,HOUR,Hours,0,Units,,,1542.218778,,
United Kingdom,TE,Total employment,A,Annual,2015,2015,HOUR,Hours,0,Units,,,1525.127382,,
United Kingdom,TE,Total employment,A,Annual,2016,2016,HOUR,Hours,0,Units,,,1541.275306,,
United Kingdom,TE,Total employment,A,Annual,2017,2017,HOUR,Hours,0,Units,,,1535.679598,,
United Kingdom,TE,Total employment,A,Annual,2018,2018,HOUR,Hours,0,Units,,,1536.175707,,
United Kingdom,TE,Total employment,A,Annual,2019,2019,HOUR,Hours,0,Units,,,1537.043278,,
United Kingdom,TE,Total employment,A,Annual,2020,2020,HOUR,Hours,0,Units,,,1364.382892,,
United Kingdom,TE,Total employment,A,Annual,2021,2021,HOUR,Hours,0,Units,,,1498.086923,,
United Kingdom,TE,Total employment,A,Annual,2022,2022,HOUR,Hours,0,Units,,,1531.714776,,
United States,DE,Dependent employment,A,Annual,2010,2010,HOUR,Hours,0,Units,,,1821.932,,
United States,DE,Dependent employment,A,Annual,2011,2011,HOUR,Hours,0,Units,,,1833.943333,,
United States,DE,Dependent employment,A,Annual,2012,2012,HOUR,Hours,0,Units,,,1839.653667,,
United States,DE,Dependent employment,A,Annual,2013,2013,HOUR,Hours,0,Units,,,1836.972,,
United States,DE,Dependent employment,A,Annual,2014,2014,HOUR,Hours,0,Units,,,1841.897667,,
United States,DE,Dependent employment,A,Annual,2015,2015,HOUR,Hours,0,Units,,,1840.55625,,
United States,DE,Dependent employment,A,Annual,2016,2016,HOUR,Hours,0,Units,,,1831.81375,,
United States,DE,Dependent employment,A,Annual,2017,2017,HOUR,Hours,0,Units,,,1829.892,,
United States,DE,Dependent employment,A,Annual,2018,2018,HOUR,Hours,0,Units,,,1836.1585,,
United States,DE,Dependent employment,A,Annual,2019,2019,HOUR,Hours,0,Units,,,1833.089333,,
United States,DE,Dependent employment,A,Annual,2020,2020,HOUR,Hours,0,Units,,,1818.59,,
United States,DE,Dependent employment,A,Annual,2021,2021,HOUR,Hours,0,Units,,,1834.537833,,
United States,DE,Dependent employment,A,Annual,2022,2022,HOUR,Hours,0,Units,,,1822.472,,
United States,TE,Total employment,A,Annual,2010,2010,HOUR,Hours,0,Units,,,1810.3875,,
United States,TE,Total employment,A,Annual,2011,2011,HOUR,Hours,0,Units,,,1820.304167,,
United States,TE,Total employment,A,Annual,2012,2012,HOUR,Hours,0,Units,,,1828.1165,,
United States,TE,Total employment,A,Annual,2013,2013,HOUR,Hours,0,Units,,,1826.487,,
United States,TE,Total employment,A,Annual,2014,2014,HOUR,Hours,0,Units,,,1830.359583,,
United States,TE,Total employment,A,Annual,2015,2015,HOUR,Hours,0,Units,,,1831.1175,,
United States,TE,Total employment,A,Annual,2016,2016,HOUR,Hours,0,Units,,,1823.41575,,
United States,TE,Total employment,A,Annual,2017,2017,HOUR,Hours,0,Units,,,1821.498,,
United States,TE,Total employment,A,Annual,2018,2018,HOUR,Hours,0,Units,,,1826.71,,
United States,TE,Total employment,A,Annual,2019,2019,HOUR,Hours,0,Units,,,1823.629583,,
United States,TE,Total employment,A,Annual,2020,2020,HOUR,Hours,0,Units,,,1799.777,,
United States,TE,Total employment,A,Annual,2021,2021,HOUR,Hours,0,Units,,,1819.895,,
United States,TE,Total employment,A,Annual,2022,2022,HOUR,Hours,0,Units,,,1810.944,,
OECD countries,TE,Total employment,A,Annual,2010,2010,HOUR,Hours,0,Units,,,1798.553454,,
OECD countries,TE,Total employment,A,Annual,2011,2011,HOUR,Hours,0,Units,,,1800.036786,,
OECD countries,TE,Total employment,A,Annual,2012,2012,HOUR,Hours,0,Units,,,1799.325625,,
OECD countries,TE,Total employment,A,Annual,2013,2013,HOUR,Hours,0,Units,,,1794.157449,,
OECD countries,TE,Total employment,A,Annual,2014,2014,HOUR,Hours,0,Units,,,1792.860033,,
OECD countries,TE,Total employment,A,Annual,2015,2015,HOUR,Hours,0,Units,,,1791.537322,,
OECD countries,TE,Total employment,A,Annual,2016,2016,HOUR,Hours,0,Units,,,1788.857779,,
OECD countries,TE,Total employment,A,Annual,2017,2017,HOUR,Hours,0,Units,,,1780.990686,,
OECD countries,TE,Total employment,A,Annual,2018,2018,HOUR,Hours,0,Units,,,1776.581986,,
OECD countries,TE,Total employment,A,Annual,2019,2019,HOUR,Hours,0,Units,,,1766.694647,,
OECD countries,TE,Total employment,A,Annual,2020,2020,HOUR,Hours,0,Units,,,1687.257096,,
OECD countries,TE,Total employment,A,Annual,2021,2021,HOUR,Hours,0,Units,,,1744.099403,,
OECD countries,TE,Total employment,A,Annual,2022,2022,HOUR,Hours,0,Units,,,1751.582467,,
Israel,TE,Total employment,A,Annual,2010,2010,HOUR,Hours,0,Units,,,1953.546785,,
Israel,TE,Total employment,A,Annual,2011,2011,HOUR,Hours,0,Units,,,1943.665719,,
Israel,TE,Total employment,A,Annual,2012,2012,HOUR,Hours,0,Units,,,1917.125056,,
Israel,TE,Total employment,A,Annual,2013,2013,HOUR,Hours,0,Units,,,1906.040302,,
Israel,TE,Total employment,A,Annual,2014,2014,HOUR,Hours,0,Units,,,1891.399437,,
Israel,TE,Total employment,A,Annual,2015,2015,HOUR,Hours,0,Units,,,1892.952759,,
Israel,TE,Total employment,A,Annual,2016,2016,HOUR,Hours,0,Units,,,1916.949569,,
Israel,TE,Total employment,A,Annual,2017,2017,HOUR,Hours,0,Units,,,1916.140129,,
Israel,TE,Total employment,A,Annual,2018,2018,HOUR,Hours,0,Units,,,1908.525713,,
Israel,TE,Total employment,A,Annual,2019,2019,HOUR,Hours,0,Units,,,1893.510023,,
Israel,TE,Total employment,A,Annual,2020,2020,HOUR,Hours,0,Units,,,1779.009722,,
Israel,TE,Total employment,A,Annual,2021,2021,HOUR,Hours,0,Units,,,1878.242401,,
Israel,TE,Total employment,A,Annual,2022,2022,HOUR,Hours,0,Units,,,1891.9,,
Chile,DE,Dependent employment,A,Annual,2010,2010,HOUR,Hours,0,Units,,,2106.8,,
Chile,DE,Dependent employment,A,Annual,2011,2011,HOUR,Hours,0,Units,,,2100.5,,
Chile,DE,Dependent employment,A,Annual,2012,2012,HOUR,Hours,0,Units,,,2077.9,,
Chile,DE,Dependent employment,A,Annual,2013,2013,HOUR,Hours,0,Units,,,2072.6,,
Chile,DE,Dependent employment,A,Annual,2014,2014,HOUR,Hours,0,Units,,,2046.9,,
Chile,DE,Dependent employment,A,Annual,2015,2015,HOUR,Hours,0,Units,,,2042.7,,
Chile,DE,Dependent employment,A,Annual,2016,2016,HOUR,Hours,0,Units,,,2033.2,,
Chile,DE,Dependent employment,A,Annual,2017,2017,HOUR,Hours,0,Units,,,2021,,
Chile,DE,Dependent employment,A,Annual,2018,2018,HOUR,Hours,0,Units,,,2009.5,,
Chile,DE,Dependent employment,A,Annual,2019,2019,HOUR,Hours,0,Units,,,1989.4,,
Chile,DE,Dependent employment,A,Annual,2020,2020,HOUR,Hours,0,Units,,,1885.8,,
Chile,DE,Dependent employment,A,Annual,2021,2021,HOUR,Hours,0,Units,,,1990.1,,
Chile,DE,Dependent employment,A,Annual,2022,2022,HOUR,Hours,0,Units,,,2025.8,,
Chile,TE,Total employment,A,Annual,2010,2010,HOUR,Hours,0,Units,,,2069.8,,
Chile,TE,Total employment,A,Annual,2011,2011,HOUR,Hours,0,Units,,,2050.2,,
Chile,TE,Total employment,A,Annual,2012,2012,HOUR,Hours,0,Units,,,2027.4,,
Chile,TE,Total employment,A,Annual,2013,2013,HOUR,Hours,0,Units,,,2021.3,,
Chile,TE,Total employment,A,Annual,2014,2014,HOUR,Hours,0,Units,,,1994.4,,
Chile,TE,Total employment,A,Annual,2015,2015,HOUR,Hours,0,Units,,,1993.7,,
Chile,TE,Total employment,A,Annual,2016,2016,HOUR,Hours,0,Units,,,1977.5,,
Chile,TE,Total employment,A,Annual,2017,2017,HOUR,Hours,0,Units,,,1963.1,,
Chile,TE,Total employment,A,Annual,2018,2018,HOUR,Hours,0,Units,,,1955.5,,
Chile,TE,Total employment,A,Annual,2019,2019,HOUR,Hours,0,Units,,,1929.5,,
Chile,TE,Total employment,A,Annual,2020,2020,HOUR,Hours,0,Units,,,1825.3,,
Chile,TE,Total employment,A,Annual,2021,2021,HOUR,Hours,0,Units,,,1915.6,,
Chile,TE,Total employment,A,Annual,2022,2022,HOUR,Hours,0,Units,,,1962.8,,
Slovenia,DE,Dependent employment,A,Annual,2010,2010,HOUR,Hours,0,Units,,,1636.468357,,
Slovenia,DE,Dependent employment,A,Annual,2011,2011,HOUR,Hours,0,Units,,,1621.773568,,
Slovenia,DE,Dependent employment,A,Annual,2012,2012,HOUR,Hours,0,Units,,,1600.109226,,
Slovenia,DE,Dependent employment,A,Annual,2013,2013,HOUR,Hours,0,Units,,,1618.676524,,
Slovenia,DE,Dependent employment,A,Annual,2014,2014,HOUR,Hours,0,Units,,,1633.476019,,
Slovenia,DE,Dependent employment,A,Annual,2015,2015,HOUR,Hours,0,Units,,,1644.168417,,
Slovenia,DE,Dependent employment,A,Annual,2016,2016,HOUR,Hours,0,Units,,,1603.09321,,
Slovenia,DE,Dependent employment,A,Annual,2017,2017,HOUR,Hours,0,Units,,,1575.635907,,
Slovenia,DE,Dependent employment,A,Annual,2018,2018,HOUR,Hours,0,Units,,,1558.62598,,
Slovenia,DE,Dependent employment,A,Annual,2019,2019,HOUR,Hours,0,Units,,,1557.211837,,
Slovenia,DE,Dependent employment,A,Annual,2020,2020,HOUR,Hours,0,Units,,,1495.285098,,
Slovenia,DE,Dependent employment,A,Annual,2021,2021,HOUR,Hours,0,Units,,,1561.282325,,
Slovenia,DE,Dependent employment,A,Annual,2022,2022,HOUR,Hours,0,Units,,,1594.287722,,
Slovenia,TE,Total employment,A,Annual,2010,2010,HOUR,Hours,0,Units,,,1680.327333,,
Slovenia,TE,Total employment,A,Annual,2011,2011,HOUR,Hours,0,Units,,,1663.360954,,
Slovenia,TE,Total employment,A,Annual,2012,2012,HOUR,Hours,0,Units,,,1644.348927,,
Slovenia,TE,Total employment,A,Annual,2013,2013,HOUR,Hours,0,Units,,,1662.237486,,
Slovenia,TE,Total employment,A,Annual,2014,2014,HOUR,Hours,0,Units,,,1681.749976,,
Slovenia,TE,Total employment,A,Annual,2015,2015,HOUR,Hours,0,Units,,,1687.309162,,
Slovenia,TE,Total employment,A,Annual,2016,2016,HOUR,Hours,0,Units,,,1652.361497,,
Slovenia,TE,Total employment,A,Annual,2017,2017,HOUR,Hours,0,Units,,,1621.923406,,
Slovenia,TE,Total employment,A,Annual,2018,2018,HOUR,Hours,0,Units,,,1602.948178,,
Slovenia,TE,Total employment,A,Annual,2019,2019,HOUR,Hours,0,Units,,,1601.43411,,
Slovenia,TE,Total employment,A,Annual,2020,2020,HOUR,Hours,0,Units,,,1531.753571,,
Slovenia,TE,Total employment,A,Annual,2021,2021,HOUR,Hours,0,Units,,,1593.334707,,
Slovenia,TE,Total employment,A,Annual,2022,2022,HOUR,Hours,0,Units,,,1619.012873,,
Estonia,DE,Dependent employment,A,Annual,2010,2010,HOUR,Hours,0,Units,,,1765.417057,,
Estonia,DE,Dependent employment,A,Annual,2011,2011,HOUR,Hours,0,Units,,,1806.00846,,
Estonia,DE,Dependent employment,A,Annual,2012,2012,HOUR,Hours,0,Units,,,1774.658373,,
Estonia,DE,Dependent employment,A,Annual,2013,2013,HOUR,Hours,0,Units,,,1761.084543,,
Estonia,DE,Dependent employment,A,Annual,2014,2014,HOUR,Hours,0,Units,,,1756.702228,,
Estonia,DE,Dependent employment,A,Annual,2015,2015,HOUR,Hours,0,Units,,,1756.496828,,
Estonia,DE,Dependent employment,A,Annual,2016,2016,HOUR,Hours,0,Units,,,1747.341745,,
Estonia,DE,Dependent employment,A,Annual,2017,2017,HOUR,Hours,0,Units,,,1756.505391,,
Estonia,DE,Dependent employment,A,Annual,2018,2018,HOUR,Hours,0,Units,,,1688.108073,,
Estonia,DE,Dependent employment,A,Annual,2019,2019,HOUR,Hours,0,Units,,,1675.585386,,
Estonia,DE,Dependent employment,A,Annual,2020,2020,HOUR,Hours,0,Units,,,1623.394654,,
Estonia,DE,Dependent employment,A,Annual,2021,2021,HOUR,Hours,0,Units,,,1773.843725,,
Estonia,DE,Dependent employment,A,Annual,2022,2022,HOUR,Hours,0,Units,,,1783.37785,,
Estonia,TE,Total employment,A,Annual,2010,2010,HOUR,Hours,0,Units,,,1785.290045,,
Estonia,TE,Total employment,A,Annual,2011,2011,HOUR,Hours,0,Units,,,1827.345141,,
Estonia,TE,Total employment,A,Annual,2012,2012,HOUR,Hours,0,Units,,,1795.751041,,
Estonia,TE,Total employment,A,Annual,2013,2013,HOUR,Hours,0,Units,,,1776.85376,,
Estonia,TE,Total employment,A,Annual,2014,2014,HOUR,Hours,0,Units,,,1770.748499,,
Estonia,TE,Total employment,A,Annual,2015,2015,HOUR,Hours,0,Units,,,1763.305995,,
Estonia,TE,Total employment,A,Annual,2016,2016,HOUR,Hours,0,Units,,,1766.717788,,
Estonia,TE,Total employment,A,Annual,2017,2017,HOUR,Hours,0,Units,,,1768.130514,,
Estonia,TE,Total employment,A,Annual,2018,2018,HOUR,Hours,0,Units,,,1707.193467,,
Estonia,TE,Total employment,A,Annual,2019,2019,HOUR,Hours,0,Units,,,1694.396177,,
Estonia,TE,Total employment,A,Annual,2020,2020,HOUR,Hours,0,Units,,,1637.156028,,
Estonia,TE,Total employment,A,Annual,2021,2021,HOUR,Hours,0,Units,,,1767.055731,,
Estonia,TE,Total employment,A,Annual,2022,2022,HOUR,Hours,0,Units,,,1770.411485,,
Italy,DE,Dependent employment,A,Annual,2010,2010,HOUR,Hours,0,Units,,,1615.72945,,
Italy,DE,Dependent employment,A,Annual,2011,2011,HOUR,Hours,0,Units,,,1614.736973,,
Italy,DE,Dependent employment,A,Annual,2012,2012,HOUR,Hours,0,Units,,,1579.344366,,
Italy,DE,Dependent employment,A,Annual,2013,2013,HOUR,Hours,0,Units,,,1566.895976,,
Italy,DE,Dependent employment,A,Annual,2014,2014,HOUR,Hours,0,Units,,,1565.09204,,
Italy,DE,Dependent employment,A,Annual,2015,2015,HOUR,Hours,0,Units,,,1569.293266,,
Italy,DE,Dependent employment,A,Annual,2016,2016,HOUR,Hours,0,Units,,,1580.83481,,
Italy,DE,Dependent employment,A,Annual,2017,2017,HOUR,Hours,0,Units,,,1582.19929,,
Italy,DE,Dependent employment,A,Annual,2018,2018,HOUR,Hours,0,Units,,,1587.940614,,
Italy,DE,Dependent employment,A,Annual,2019,2019,HOUR,Hours,0,Units,,,1579.248027,,
Italy,DE,Dependent employment,A,Annual,2020,2020,HOUR,Hours,0,Units,,,1441.630308,,
Italy,DE,Dependent employment,A,Annual,2021,2021,HOUR,Hours,0,Units,,,1531.740709,,
Italy,DE,Dependent employment,A,Annual,2022,2022,HOUR,Hours,0,Units,,,1563.396982,,
Lithuania,DE,Dependent employment,A,Annual,2010,2010,HOUR,Hours,0,Units,,,1656.327844,,
Lithuania,DE,Dependent employment,A,Annual,2011,2011,HOUR,Hours,0,Units,,,1630.551521,,
Lithuania,DE,Dependent employment,A,Annual,2012,2012,HOUR,Hours,0,Units,,,1629.432844,,
Lithuania,DE,Dependent employment,A,Annual,2013,2013,HOUR,Hours,0,Units,,,1616.218656,,
Lithuania,DE,Dependent employment,A,Annual,2014,2014,HOUR,Hours,0,Units,,,1611.81191,,
Lithuania,DE,Dependent employment,A,Annual,2015,2015,HOUR,Hours,0,Units,,,1632.036922,,
Lithuania,DE,Dependent employment,A,Annual,2016,2016,HOUR,Hours,0,Units,,,1657.859014,,
Lithuania,DE,Dependent employment,A,Annual,2017,2017,HOUR,Hours,0,Units,,,1620.891393,,
Lithuania,DE,Dependent employment,A,Annual,2018,2018,HOUR,Hours,0,Units,,,1628.02838,,
Lithuania,DE,Dependent employment,A,Annual,2019,2019,HOUR,Hours,0,Units,,,1630.753283,,
Lithuania,DE,Dependent employment,A,Annual,2020,2020,HOUR,Hours,0,Units,,,1573.468833,,
Lithuania,DE,Dependent employment,A,Annual,2021,2021,HOUR,Hours,0,Units,,,1599.729541,,
Lithuania,DE,Dependent employment,A,Annual,2022,2022,HOUR,Hours,0,Units,,,1595.278639,,
Lithuania,TE,Total employment,A,Annual,2010,2010,HOUR,Hours,0,Units,,,1696.679291,,
Lithuania,TE,Total employment,A,Annual,2011,2011,HOUR,Hours,0,Units,,,1674.217241,,
Lithuania,TE,Total employment,A,Annual,2012,2012,HOUR,Hours,0,Units,,,1672.25327,,
Lithuania,TE,Total employment,A,Annual,2013,2013,HOUR,Hours,0,Units,,,1657.482349,,
Lithuania,TE,Total employment,A,Annual,2014,2014,HOUR,Hours,0,Units,,,1649.890425,,
Lithuania,TE,Total employment,A,Annual,2015,2015,HOUR,Hours,0,Units,,,1673.198462,,
Lithuania,TE,Total employment,A,Annual,2016,2016,HOUR,Hours,0,Units,,,1694.331001,,
Lithuania,TE,Total employment,A,Annual,2017,2017,HOUR,Hours,0,Units,,,1656.898913,,
Lithuania,TE,Total employment,A,Annual,2018,2018,HOUR,Hours,0,Units,,,1664.021426,,
Lithuania,TE,Total employment,A,Annual,2019,2019,HOUR,Hours,0,Units,,,1665.381726,,
Lithuania,TE,Total employment,A,Annual,2020,2020,HOUR,Hours,0,Units,,,1594.925699,,
Lithuania,TE,Total employment,A,Annual,2021,2021,HOUR,Hours,0,Units,,,1619.977225,,
Lithuania,TE,Total employment,A,Annual,2022,2022,HOUR,Hours,0,Units,,,1624.15514,,
Latvia,DE,Dependent employment,A,Annual,2010,2010,HOUR,Hours,0,Units,,,1663.582391,,
Latvia,DE,Dependent employment,A,Annual,2011,2011,HOUR,Hours,0,Units,,,1674.913653,,
Latvia,DE,Dependent employment,A,Annual,2012,2012,HOUR,Hours,0,Units,,,1665.96298,,
Latvia,DE,Dependent employment,A,Annual,2013,2013,HOUR,Hours,0,Units,,,1660.39246,,
Latvia,DE,Dependent employment,A,Annual,2014,2014,HOUR,Hours,0,Units,,,1670.379556,,
Latvia,DE,Dependent employment,A,Annual,2015,2015,HOUR,Hours,0,Units,,,1632.920965,,
Latvia,DE,Dependent employment,A,Annual,2016,2016,HOUR,Hours,0,Units,,,1632.238977,,
Latvia,DE,Dependent employment,A,Annual,2017,2017,HOUR,Hours,0,Units,,,1618.532389,,
Latvia,DE,Dependent employment,A,Annual,2018,2018,HOUR,Hours,0,Units,,,1638.148312,,
Latvia,DE,Dependent employment,A,Annual,2019,2019,HOUR,Hours,0,Units,,,1606.032647,,
Latvia,DE,Dependent employment,A,Annual,2020,2020,HOUR,Hours,0,Units,,,1560.786953,,
Latvia,DE,Dependent employment,A,Annual,2021,2021,HOUR,Hours,0,Units,,,1585.726205,,
Latvia,DE,Dependent employment,A,Annual,2022,2022,HOUR,Hours,0,Units,,,1538.222625,,
Latvia,TE,Total employment,A,Annual,2010,2010,HOUR,Hours,0,Units,,,1692.395932,,
Latvia,TE,Total employment,A,Annual,2011,2011,HOUR,Hours,0,Units,,,1707.039721,,
Latvia,TE,Total employment,A,Annual,2012,2012,HOUR,Hours,0,Units,,,1691.635411,,
Latvia,TE,Total employment,A,Annual,2013,2013,HOUR,Hours,0,Units,,,1685.929275,,
Latvia,TE,Total employment,A,Annual,2014,2014,HOUR,Hours,0,Units,,,1695.303425,,
Latvia,TE,Total employment,A,Annual,2015,2015,HOUR,Hours,0,Units,,,1663.180908,,
Latvia,TE,Total employment,A,Annual,2016,2016,HOUR,Hours,0,Units,,,1663.835623,,
Latvia,TE,Total employment,A,Annual,2017,2017,HOUR,Hours,0,Units,,,1649.860291,,
Latvia,TE,Total employment,A,Annual,2018,2018,HOUR,Hours,0,Units,,,1661.235997,,
Latvia,TE,Total employment,A,Annual,2019,2019,HOUR,Hours,0,Units,,,1631.075484,,
Latvia,TE,Total employment,A,Annual,2020,2020,HOUR,Hours,0,Units,,,1576.930288,,
Latvia,TE,Total employment,A,Annual,2021,2021,HOUR,Hours,0,Units,,,1601.202851,,
Latvia,TE,Total employment,A,Annual,2022,2022,HOUR,Hours,0,Units,,,1553.235637,,
Costa Rica,DE,Dependent employment,A,Annual,2010,2010,HOUR,Hours,0,Units,,,2288.5,,
Costa Rica,DE,Dependent employment,A,Annual,2011,2011,HOUR,Hours,0,Units,,,2313.8,,
Costa Rica,DE,Dependent employment,A,Annual,2012,2012,HOUR,Hours,0,Units,,,2276.2,,
Costa Rica,DE,Dependent employment,A,Annual,2013,2013,HOUR,Hours,0,Units,,,2199.4,,
Costa Rica,DE,Dependent employment,A,Annual,2014,2014,HOUR,Hours,0,Units,,,2189.5,,
Costa Rica,DE,Dependent employment,A,Annual,2015,2015,HOUR,Hours,0,Units,,,2215.9,,
Costa Rica,DE,Dependent employment,A,Annual,2016,2016,HOUR,Hours,0,Units,,,2243.6,,
Costa Rica,DE,Dependent employment,A,Annual,2017,2017,HOUR,Hours,0,Units,,,2245.9,,
Costa Rica,DE,Dependent employment,A,Annual,2018,2018,HOUR,Hours,0,Units,,,2208.6,,
Costa Rica,DE,Dependent employment,A,Annual,2019,2019,HOUR,Hours,0,Units,,,2156.3,,
Costa Rica,DE,Dependent employment,A,Annual,2020,2020,HOUR,Hours,0,Units,,,2044.3,,
Costa Rica,DE,Dependent employment,A,Annual,2021,2021,HOUR,Hours,0,Units,,,2187.3,,
Costa Rica,DE,Dependent employment,A,Annual,2022,2022,HOUR,Hours,0,Units,,,2241.6,,
Costa Rica,TE,Total employment,A,Annual,2010,2010,HOUR,Hours,0,Units,,,2243.1,,
Costa Rica,TE,Total employment,A,Annual,2011,2011,HOUR,Hours,0,Units,,,2285.3,,
Costa Rica,TE,Total employment,A,Annual,2012,2012,HOUR,Hours,0,Units,,,2233.4,,
Costa Rica,TE,Total employment,A,Annual,2013,2013,HOUR,Hours,0,Units,,,2140.6,,
Costa Rica,TE,Total employment,A,Annual,2014,2014,HOUR,Hours,0,Units,,,2121.7,,
Costa Rica,TE,Total employment,A,Annual,2015,2015,HOUR,Hours,0,Units,,,2148.2,,
Costa Rica,TE,Total employment,A,Annual,2016,2016,HOUR,Hours,0,Units,,,2204.7,,
Costa Rica,TE,Total employment,A,Annual,2017,2017,HOUR,Hours,0,Units,,,2178.9,,
Costa Rica,TE,Total employment,A,Annual,2018,2018,HOUR,Hours,0,Units,,,2121,,
Costa Rica,TE,Total employment,A,Annual,2019,2019,HOUR,Hours,0,Units,,,2059.6,,
Costa Rica,TE,Total employment,A,Annual,2020,2020,HOUR,Hours,0,Units,,,1913.2,,
Costa Rica,TE,Total employment,A,Annual,2021,2021,HOUR,Hours,0,Units,,,2073.3,,
Costa Rica,TE,Total employment,A,Annual,2022,2022,HOUR,Hours,0,Units,,,2149,,
Sweden,DE,Dependent employment,A,Annual,2010,2010,HOUR,Hours,0,Units,,,1432.298755,,
Sweden,DE,Dependent employment,A,Annual,2011,2011,HOUR,Hours,0,Units,,,1433.324892,,
Sweden,DE,Dependent employment,A,Annual,2012,2012,HOUR,Hours,0,Units,,,1421.764049,,
Sweden,DE,Dependent employment,A,Annual,2013,2013,HOUR,Hours,0,Units,,,1415.674738,,
Sweden,DE,Dependent employment,A,Annual,2014,2014,HOUR,Hours,0,Units,,,1415.634992,,
Sweden,DE,Dependent employment,A,Annual,2015,2015,HOUR,Hours,0,Units,,,1417.933228,,
Sweden,DE,Dependent employment,A,Annual,2016,2016,HOUR,Hours,0,Units,,,1431.639636,,
Sweden,DE,Dependent employment,A,Annual,2017,2017,HOUR,Hours,0,Units,,,1419.461774,,
Sweden,DE,Dependent employment,A,Annual,2018,2018,HOUR,Hours,0,Units,,,1419.590058,,
Sweden,DE,Dependent employment,A,Annual,2019,2019,HOUR,Hours,0,Units,,,1406.705346,,
Sweden,DE,Dependent employment,A,Annual,2020,2020,HOUR,Hours,0,Units,,,1382.426735,,
Sweden,DE,Dependent employment,A,Annual,2021,2021,HOUR,Hours,0,Units,,,1407.309817,,
Sweden,DE,Dependent employment,A,Annual,2022,2022,HOUR,Hours,0,Units,,,1401.434481,,
Australia,DE,Dependent employment,A,Annual,2010,2010,HOUR,Hours,0,Units,,,1734,,
Australia,DE,Dependent employment,A,Annual,2011,2011,HOUR,Hours,0,Units,,,1732,,
Australia,DE,Dependent employment,A,Annual,2012,2012,HOUR,Hours,0,Units,,,1735,,
Australia,DE,Dependent employment,A,Annual,2013,2013,HOUR,Hours,0,Units,,,1728,,
Australia,DE,Dependent employment,A,Annual,2014,2014,HOUR,Hours,0,Units,,,1737,,
Australia,DE,Dependent employment,A,Annual,2015,2015,HOUR,Hours,0,Units,,,1714,,
Australia,DE,Dependent employment,A,Annual,2016,2016,HOUR,Hours,0,Units,,,1704,,
Australia,DE,Dependent employment,A,Annual,2017,2017,HOUR,Hours,0,Units,,,1707,,
Australia,DE,Dependent employment,A,Annual,2018,2018,HOUR,Hours,0,Units,,,1706,,
Australia,DE,Dependent employment,A,Annual,2019,2019,HOUR,Hours,0,Units,,,1696,,
Australia,DE,Dependent employment,A,Annual,2020,2020,HOUR,Hours,0,Units,,,1670,,
Australia,DE,Dependent employment,A,Annual,2021,2021,HOUR,Hours,0,Units,,,1680.857747,,
Australia,DE,Dependent employment,A,Annual,2022,2022,HOUR,Hours,0,Units,,,1693.28097,,
Norway,DE,Dependent employment,A,Annual,2010,2010,HOUR,Hours,0,Units,,,1405.649718,,
Norway,DE,Dependent employment,A,Annual,2011,2011,HOUR,Hours,0,Units,,,1411.801063,,
Norway,DE,Dependent employment,A,Annual,2012,2012,HOUR,Hours,0,Units,,,1409.527267,,
Norway,DE,Dependent employment,A,Annual,2013,2013,HOUR,Hours,0,Units,,,1399.952235,,
Norway,DE,Dependent employment,A,Annual,2014,2014,HOUR,Hours,0,Units,,,1403.265146,,
Norway,DE,Dependent employment,A,Annual,2015,2015,HOUR,Hours,0,Units,,,1405.714734,,
Norway,DE,Dependent employment,A,Annual,2016,2016,HOUR,Hours,0,Units,,,1409.801469,,
Norway,DE,Dependent employment,A,Annual,2017,2017,HOUR,Hours,0,Units,,,1399.915117,,
Norway,DE,Dependent employment,A,Annual,2018,2018,HOUR,Hours,0,Units,,,1400.636532,,
Norway,DE,Dependent employment,A,Annual,2019,2019,HOUR,Hours,0,Units,,,1400.923719,,
Norway,DE,Dependent employment,A,Annual,2020,2020,HOUR,Hours,0,Units,,,1392.325142,,
Norway,DE,Dependent employment,A,Annual,2021,2021,HOUR,Hours,0,Units,,,1409.418531,,
Norway,DE,Dependent employment,A,Annual,2022,2022,HOUR,Hours,0,Units,,,1408.52518,,
Switzerland,DE,Dependent employment,A,Annual,2010,2010,HOUR,Hours,0,Units,,,1596,,
Switzerland,DE,Dependent employment,A,Annual,2011,2011,HOUR,Hours,0,Units,,,1596,,
Switzerland,DE,Dependent employment,A,Annual,2012,2012,HOUR,Hours,0,Units,,,1582,,
Switzerland,DE,Dependent employment,A,Annual,2013,2013,HOUR,Hours,0,Units,,,1564,,
Switzerland,DE,Dependent employment,A,Annual,2014,2014,HOUR,Hours,0,Units,,,1563,,
Switzerland,DE,Dependent employment,A,Annual,2015,2015,HOUR,Hours,0,Units,,,1579,,
Switzerland,DE,Dependent employment,A,Annual,2016,2016,HOUR,Hours,0,Units,,,1580,,
Switzerland,DE,Dependent employment,A,Annual,2017,2017,HOUR,Hours,0,Units,,,1562,,
Switzerland,DE,Dependent employment,A,Annual,2018,2018,HOUR,Hours,0,Units,,,1549,,
Switzerland,DE,Dependent employment,A,Annual,2019,2019,HOUR,Hours,0,Units,,,1545,,
Switzerland,DE,Dependent employment,A,Annual,2020,2020,HOUR,Hours,0,Units,,,1494.927213,,
Switzerland,DE,Dependent employment,A,Annual,2021,2021,HOUR,Hours,0,Units,,,1527.559149,,
Switzerland,DE,Dependent employment,A,Annual,2022,2022,HOUR,Hours,0,Units,,,1524.713264,,
Israel,DE,Dependent employment,A,Annual,2010,2010,HOUR,Hours,0,Units,,,1946.552477,,
Israel,DE,Dependent employment,A,Annual,2011,2011,HOUR,Hours,0,Units,,,1940.545612,,
Israel,DE,Dependent employment,A,Annual,2012,2012,HOUR,Hours,0,Units,,,1914.361275,,
Israel,DE,Dependent employment,A,Annual,2013,2013,HOUR,Hours,0,Units,,,1906.463173,,
Israel,DE,Dependent employment,A,Annual,2014,2014,HOUR,Hours,0,Units,,,1897.938022,,
Israel,DE,Dependent employment,A,Annual,2015,2015,HOUR,Hours,0,Units,,,1896.275423,,
Israel,DE,Dependent employment,A,Annual,2016,2016,HOUR,Hours,0,Units,,,1918.333856,,
Israel,DE,Dependent employment,A,Annual,2017,2017,HOUR,Hours,0,Units,,,1918.537241,,
Israel,DE,Dependent employment,A,Annual,2018,2018,HOUR,Hours,0,Units,,,1913.28805,,
Israel,DE,Dependent employment,A,Annual,2019,2019,HOUR,Hours,0,Units,,,1894.254542,,
Israel,DE,Dependent employment,A,Annual,2020,2020,HOUR,Hours,0,Units,,,1800.043942,,
Israel,DE,Dependent employment,A,Annual,2021,2021,HOUR,Hours,0,Units,,,1891.053838,,
Israel,DE,Dependent employment,A,Annual,2022,2022,HOUR,Hours,0,Units,,,1904.804595,,
OECD countries,DE,Dependent employment,A,Annual,2010,2010,HOUR,Hours,0,Units,,,1748.742305,,
OECD countries,DE,Dependent employment,A,Annual,2011,2011,HOUR,Hours,0,Units,,,1752.870073,,
OECD countries,DE,Dependent employment,A,Annual,2012,2012,HOUR,Hours,0,Units,,,1754.566345,,
OECD countries,DE,Dependent employment,A,Annual,2013,2013,HOUR,Hours,0,Units,,,1749.918273,,
OECD countries,DE,Dependent employment,A,Annual,2014,2014,HOUR,Hours,0,Units,,,1751.6474,,
OECD countries,DE,Dependent employment,A,Annual,2015,2015,HOUR,Hours,0,Units,,,1751.316956,,
OECD countries,DE,Dependent employment,A,Annual,2016,2016,HOUR,Hours,0,Units,,,1749.056517,,
OECD countries,DE,Dependent employment,A,Annual,2017,2017,HOUR,Hours,0,Units,,,1743.554239,,
OECD countries,DE,Dependent employment,A,Annual,2018,2018,HOUR,Hours,0,Units,,,1741.628107,,
OECD countries,DE,Dependent employment,A,Annual,2019,2019,HOUR,Hours,0,Units,,,1733.659342,,
OECD countries,DE,Dependent employment,A,Annual,2020,2020,HOUR,Hours,0,Units,,,1680.810896,,
OECD countries,DE,Dependent employment,A,Annual,2021,2021,HOUR,Hours,0,Units,,,1715.312591,,
OECD countries,DE,Dependent employment,A,Annual,2022,2022,HOUR,Hours,0,Units,,,1719.424673,,
Colombia,DE,Dependent employment,A,Annual,2015,2015,HOUR,Hours,0,Units,,,2434.417065,,
Colombia,DE,Dependent employment,A,Annual,2016,2016,HOUR,Hours,0,Units,,,2431.225053,,
Colombia,DE,Dependent employment,A,Annual,2017,2017,HOUR,Hours,0,Units,,,2425.000132,,
Colombia,DE,Dependent employment,A,Annual,2018,2018,HOUR,Hours,0,Units,,,2448.924657,,
Colombia,DE,Dependent employment,A,Annual,2019,2019,HOUR,Hours,0,Units,,,2445.346354,,
Colombia,DE,Dependent employment,A,Annual,2020,2020,HOUR,Hours,0,Units,,,2310.868949,,
Colombia,DE,Dependent employment,A,Annual,2021,2021,HOUR,Hours,0,Units,,,2380.764612,,
Colombia,DE,Dependent employment,A,Annual,2022,2022,HOUR,Hours,0,Units,,,2380.764612,,
Colombia,TE,Total employment,A,Annual,2010,2010,HOUR,Hours,0,Units,,,2453.898965,,
Colombia,TE,Total employment,A,Annual,2011,2011,HOUR,Hours,0,Units,,,2435.016968,,
Colombia,TE,Total employment,A,Annual,2012,2012,HOUR,Hours,0,Units,,,2419.685389,,
Colombia,TE,Total employment,A,Annual,2013,2013,HOUR,Hours,0,Units,,,2413.493509,,
Colombia,TE,Total employment,A,Annual,2014,2014,HOUR,Hours,0,Units,,,2405.141473,,
Colombia,TE,Total employment,A,Annual,2015,2015,HOUR,Hours,0,Units,,,2395.831176,,
Colombia,TE,Total employment,A,Annual,2016,2016,HOUR,Hours,0,Units,,,2392.209055,,
Colombia,TE,Total employment,A,Annual,2017,2017,HOUR,Hours,0,Units,,,2376.425541,,
Colombia,TE,Total employment,A,Annual,2018,2018,HOUR,Hours,0,Units,,,2385.939332,,
Colombia,TE,Total employment,A,Annual,2019,2019,HOUR,Hours,0,Units,,,2382.611241,,
Colombia,TE,Total employment,A,Annual,2020,2020,HOUR,Hours,0,Units,,,2069.438776,,
Colombia,TE,Total employment,A,Annual,2021,2021,HOUR,Hours,0,Units,,,2405.385474,,